Month,Calendar Year,Fiscal Year,Month Date,Route,Riders
Jul,2013,FY13-14,07/01/2013 12:00:00 AM,108,1606
Jul,2013,FY13-14,07/01/2013 12:00:00 AM,112,35972
Jul,2013,FY13-14,07/01/2013 12:00:00 AM,120,8907
Jul,2013,FY13-14,07/01/2013 12:00:00 AM,128,8924
Jul,2013,FY13-14,07/01/2013 12:00:00 AM,136,12722
Jul,2013,FY13-14,07/01/2013 12:00:00 AM,156,1110
Jul,2013,FY13-14,07/01/2013 12:00:00 AM,184,9176
Jul,2013,FY13-14,07/01/2013 12:00:00 AM,30,40572
Jul,2013,FY13-14,07/01/2013 12:00:00 AM,40,50426
Jul,2013,FY13-14,07/01/2013 12:00:00 AM,45,41601
Jul,2013,FY13-14,07/01/2013 12:00:00 AM,531,1250
Jul,2013,FY13-14,07/01/2013 12:00:00 AM,533,5572
Jul,2013,FY13-14,07/01/2013 12:00:00 AM,541,1211
Jul,2013,FY13-14,07/01/2013 12:00:00 AM,61,61539
Jul,2013,FY13-14,07/01/2013 12:00:00 AM,77,4194
Jul,2013,FY13-14,07/01/2013 12:00:00 AM,96,43551
Jul,2013,FY13-14,07/01/2013 12:00:00 AM,AZ Ave Link,20314
Jul,2013,FY13-14,07/01/2013 12:00:00 AM,Main St Link,29688
Aug,2013,FY13-14,08/01/2013 12:00:00 AM,104,22326
Aug,2013,FY13-14,08/01/2013 12:00:00 AM,108,2615
Aug,2013,FY13-14,08/01/2013 12:00:00 AM,112,29217
Aug,2013,FY13-14,08/01/2013 12:00:00 AM,120,9309
Aug,2013,FY13-14,08/01/2013 12:00:00 AM,128,8816
Aug,2013,FY13-14,08/01/2013 12:00:00 AM,136,12692
Aug,2013,FY13-14,08/01/2013 12:00:00 AM,156,1677
Aug,2013,FY13-14,08/01/2013 12:00:00 AM,184,9787
Aug,2013,FY13-14,08/01/2013 12:00:00 AM,30,37284
Aug,2013,FY13-14,08/01/2013 12:00:00 AM,40,41233
Aug,2013,FY13-14,08/01/2013 12:00:00 AM,45,39990
Aug,2013,FY13-14,08/01/2013 12:00:00 AM,531,1120
Aug,2013,FY13-14,08/01/2013 12:00:00 AM,533,4919
Aug,2013,FY13-14,08/01/2013 12:00:00 AM,535,3279
Aug,2013,FY13-14,08/01/2013 12:00:00 AM,541,1051
Aug,2013,FY13-14,08/01/2013 12:00:00 AM,61,56151
Aug,2013,FY13-14,08/01/2013 12:00:00 AM,77,4134
Aug,2013,FY13-14,08/01/2013 12:00:00 AM,96,39209
Aug,2013,FY13-14,08/01/2013 12:00:00 AM,AZ Ave Link,19490
Aug,2013,FY13-14,08/01/2013 12:00:00 AM,Buzz,9112
Aug,2013,FY13-14,08/01/2013 12:00:00 AM,Main St Link,25455
Sep,2013,FY13-14,09/01/2013 12:00:00 AM,104,23642
Sep,2013,FY13-14,09/01/2013 12:00:00 AM,108,2959
Sep,2013,FY13-14,09/01/2013 12:00:00 AM,112,34791
Sep,2013,FY13-14,09/01/2013 12:00:00 AM,120,10122
Sep,2013,FY13-14,09/01/2013 12:00:00 AM,128,9559
Sep,2013,FY13-14,09/01/2013 12:00:00 AM,136,13502
Sep,2013,FY13-14,09/01/2013 12:00:00 AM,156,2485
Sep,2013,FY13-14,09/01/2013 12:00:00 AM,184,11290
Sep,2013,FY13-14,09/01/2013 12:00:00 AM,30,37123
Sep,2013,FY13-14,09/01/2013 12:00:00 AM,40,45557
Sep,2013,FY13-14,09/01/2013 12:00:00 AM,45,43362
Sep,2013,FY13-14,09/01/2013 12:00:00 AM,531,1068
Sep,2013,FY13-14,09/01/2013 12:00:00 AM,533,5359
Sep,2013,FY13-14,09/01/2013 12:00:00 AM,535,3314
Sep,2013,FY13-14,09/01/2013 12:00:00 AM,541,1358
Sep,2013,FY13-14,09/01/2013 12:00:00 AM,61,61820
Sep,2013,FY13-14,09/01/2013 12:00:00 AM,77,4433
Sep,2013,FY13-14,09/01/2013 12:00:00 AM,96,47032
Sep,2013,FY13-14,09/01/2013 12:00:00 AM,AZ Ave Link,21912
Sep,2013,FY13-14,09/01/2013 12:00:00 AM,Buzz,10416
Sep,2013,FY13-14,09/01/2013 12:00:00 AM,Main St Link,27194
Oct,2013,FY13-14,10/01/2013 12:00:00 AM,104,25220
Oct,2013,FY13-14,10/01/2013 12:00:00 AM,108,3496
Oct,2013,FY13-14,10/01/2013 12:00:00 AM,112,36505
Oct,2013,FY13-14,10/01/2013 12:00:00 AM,120,10641
Oct,2013,FY13-14,10/01/2013 12:00:00 AM,128,10690
Oct,2013,FY13-14,10/01/2013 12:00:00 AM,136,15336
Oct,2013,FY13-14,10/01/2013 12:00:00 AM,156,2202
Oct,2013,FY13-14,10/01/2013 12:00:00 AM,184,13094
Oct,2013,FY13-14,10/01/2013 12:00:00 AM,30,42949
Oct,2013,FY13-14,10/01/2013 12:00:00 AM,40,48173
Oct,2013,FY13-14,10/01/2013 12:00:00 AM,45,48678
Oct,2013,FY13-14,10/01/2013 12:00:00 AM,531,1177
Oct,2013,FY13-14,10/01/2013 12:00:00 AM,533,6111
Oct,2013,FY13-14,10/01/2013 12:00:00 AM,535,3700
Oct,2013,FY13-14,10/01/2013 12:00:00 AM,541,1465
Oct,2013,FY13-14,10/01/2013 12:00:00 AM,61,69789
Oct,2013,FY13-14,10/01/2013 12:00:00 AM,77,6577
Oct,2013,FY13-14,10/01/2013 12:00:00 AM,96,16407
Oct,2013,FY13-14,10/01/2013 12:00:00 AM,AZ Ave Link,23787
Oct,2013,FY13-14,10/01/2013 12:00:00 AM,Buzz,12038
Oct,2013,FY13-14,10/01/2013 12:00:00 AM,Main St Link,31439
Nov,2013,FY13-14,11/01/2013 12:00:00 AM,104,21171
Nov,2013,FY13-14,11/01/2013 12:00:00 AM,108,3601
Nov,2013,FY13-14,11/01/2013 12:00:00 AM,112,32017
Nov,2013,FY13-14,11/01/2013 12:00:00 AM,120,9412
Nov,2013,FY13-14,11/01/2013 12:00:00 AM,128,8033
Nov,2013,FY13-14,11/01/2013 12:00:00 AM,136,12365
Nov,2013,FY13-14,11/01/2013 12:00:00 AM,156,2147
Nov,2013,FY13-14,11/01/2013 12:00:00 AM,184,10633
Nov,2013,FY13-14,11/01/2013 12:00:00 AM,30,49543
Nov,2013,FY13-14,11/01/2013 12:00:00 AM,40,32515
Nov,2013,FY13-14,11/01/2013 12:00:00 AM,45,39683
Nov,2013,FY13-14,11/01/2013 12:00:00 AM,531,1031
Nov,2013,FY13-14,11/01/2013 12:00:00 AM,533,4690
Nov,2013,FY13-14,11/01/2013 12:00:00 AM,535,2716
Nov,2013,FY13-14,11/01/2013 12:00:00 AM,541,1184
Nov,2013,FY13-14,11/01/2013 12:00:00 AM,61,66228
Nov,2013,FY13-14,11/01/2013 12:00:00 AM,77,4438
Nov,2013,FY13-14,11/01/2013 12:00:00 AM,96,46183
Nov,2013,FY13-14,11/01/2013 12:00:00 AM,AZ Ave Link,22007
Nov,2013,FY13-14,11/01/2013 12:00:00 AM,Buzz,7243
Nov,2013,FY13-14,11/01/2013 12:00:00 AM,Main St Link,24472
Dec,2013,FY13-14,12/01/2013 12:00:00 AM,104,19672
Dec,2013,FY13-14,12/01/2013 12:00:00 AM,108,3808
Dec,2013,FY13-14,12/01/2013 12:00:00 AM,112,33945
Dec,2013,FY13-14,12/01/2013 12:00:00 AM,120,9431
Dec,2013,FY13-14,12/01/2013 12:00:00 AM,128,10436
Dec,2013,FY13-14,12/01/2013 12:00:00 AM,136,11972
Dec,2013,FY13-14,12/01/2013 12:00:00 AM,156,2110
Dec,2013,FY13-14,12/01/2013 12:00:00 AM,184,9649
Dec,2013,FY13-14,12/01/2013 12:00:00 AM,30,38125
Dec,2013,FY13-14,12/01/2013 12:00:00 AM,40,48819
Dec,2013,FY13-14,12/01/2013 12:00:00 AM,45,40600
Dec,2013,FY13-14,12/01/2013 12:00:00 AM,531,1107
Dec,2013,FY13-14,12/01/2013 12:00:00 AM,533,4246
Dec,2013,FY13-14,12/01/2013 12:00:00 AM,535,2612
Dec,2013,FY13-14,12/01/2013 12:00:00 AM,541,1121
Dec,2013,FY13-14,12/01/2013 12:00:00 AM,61,61808
Dec,2013,FY13-14,12/01/2013 12:00:00 AM,77,4052
Dec,2013,FY13-14,12/01/2013 12:00:00 AM,96,42999
Dec,2013,FY13-14,12/01/2013 12:00:00 AM,AZ Ave Link,21491
Dec,2013,FY13-14,12/01/2013 12:00:00 AM,Buzz,8610
Dec,2013,FY13-14,12/01/2013 12:00:00 AM,Main St Link,26066
Jan,2014,FY13-14,01/01/2014 12:00:00 AM,104,24263
Jan,2014,FY13-14,01/01/2014 12:00:00 AM,108,3606
Jan,2014,FY13-14,01/01/2014 12:00:00 AM,112,35796
Jan,2014,FY13-14,01/01/2014 12:00:00 AM,120,11693
Jan,2014,FY13-14,01/01/2014 12:00:00 AM,128,8965
Jan,2014,FY13-14,01/01/2014 12:00:00 AM,136,13651
Jan,2014,FY13-14,01/01/2014 12:00:00 AM,156,2496
Jan,2014,FY13-14,01/01/2014 12:00:00 AM,184,12692
Jan,2014,FY13-14,01/01/2014 12:00:00 AM,30,43425
Jan,2014,FY13-14,01/01/2014 12:00:00 AM,40,49727
Jan,2014,FY13-14,01/01/2014 12:00:00 AM,45,46303
Jan,2014,FY13-14,01/01/2014 12:00:00 AM,531,1372
Jan,2014,FY13-14,01/01/2014 12:00:00 AM,533,5292
Jan,2014,FY13-14,01/01/2014 12:00:00 AM,535,2908
Jan,2014,FY13-14,01/01/2014 12:00:00 AM,541,1257
Jan,2014,FY13-14,01/01/2014 12:00:00 AM,61,70656
Jan,2014,FY13-14,01/01/2014 12:00:00 AM,77,5807
Jan,2014,FY13-14,01/01/2014 12:00:00 AM,96,49419
Jan,2014,FY13-14,01/01/2014 12:00:00 AM,AZ Ave Link,23192
Jan,2014,FY13-14,01/01/2014 12:00:00 AM,Buzz,7999
Jan,2014,FY13-14,01/01/2014 12:00:00 AM,Main St Link,29297
Feb,2014,FY13-14,02/01/2014 12:00:00 AM,104,18505
Feb,2014,FY13-14,02/01/2014 12:00:00 AM,108,4534
Feb,2014,FY13-14,02/01/2014 12:00:00 AM,112,35198
Feb,2014,FY13-14,02/01/2014 12:00:00 AM,120,12231
Feb,2014,FY13-14,02/01/2014 12:00:00 AM,128,7975
Feb,2014,FY13-14,02/01/2014 12:00:00 AM,136,13715
Feb,2014,FY13-14,02/01/2014 12:00:00 AM,156,2522
Feb,2014,FY13-14,02/01/2014 12:00:00 AM,184,11627
Feb,2014,FY13-14,02/01/2014 12:00:00 AM,30,41121
Feb,2014,FY13-14,02/01/2014 12:00:00 AM,40,46963
Feb,2014,FY13-14,02/01/2014 12:00:00 AM,45,36795
Feb,2014,FY13-14,02/01/2014 12:00:00 AM,531,1050
Feb,2014,FY13-14,02/01/2014 12:00:00 AM,533,4981
Feb,2014,FY13-14,02/01/2014 12:00:00 AM,535,2777
Feb,2014,FY13-14,02/01/2014 12:00:00 AM,541,1089
Feb,2014,FY13-14,02/01/2014 12:00:00 AM,61,75328
Feb,2014,FY13-14,02/01/2014 12:00:00 AM,77,4097
Feb,2014,FY13-14,02/01/2014 12:00:00 AM,96,49893
Feb,2014,FY13-14,02/01/2014 12:00:00 AM,AZ Ave Link,23076
Feb,2014,FY13-14,02/01/2014 12:00:00 AM,Buzz,8265
Feb,2014,FY13-14,02/01/2014 12:00:00 AM,Main St Link,29225
Mar,2014,FY13-14,03/01/2014 12:00:00 AM,104,19719
Mar,2014,FY13-14,03/01/2014 12:00:00 AM,108,4273
Mar,2014,FY13-14,03/01/2014 12:00:00 AM,112,37309
Mar,2014,FY13-14,03/01/2014 12:00:00 AM,120,11949
Mar,2014,FY13-14,03/01/2014 12:00:00 AM,128,9511
Mar,2014,FY13-14,03/01/2014 12:00:00 AM,136,13872
Mar,2014,FY13-14,03/01/2014 12:00:00 AM,156,2732
Mar,2014,FY13-14,03/01/2014 12:00:00 AM,184,12231
Mar,2014,FY13-14,03/01/2014 12:00:00 AM,30,43752
Mar,2014,FY13-14,03/01/2014 12:00:00 AM,40,50021
Mar,2014,FY13-14,03/01/2014 12:00:00 AM,45,39859
Mar,2014,FY13-14,03/01/2014 12:00:00 AM,531,1128
Mar,2014,FY13-14,03/01/2014 12:00:00 AM,533,5065
Mar,2014,FY13-14,03/01/2014 12:00:00 AM,535,2929
Mar,2014,FY13-14,03/01/2014 12:00:00 AM,541,1318
Mar,2014,FY13-14,03/01/2014 12:00:00 AM,61,78551
Mar,2014,FY13-14,03/01/2014 12:00:00 AM,77,4387
Mar,2014,FY13-14,03/01/2014 12:00:00 AM,96,51183
Mar,2014,FY13-14,03/01/2014 12:00:00 AM,AZ Ave Link,21634
Mar,2014,FY13-14,03/01/2014 12:00:00 AM,Buzz,8512
Mar,2014,FY13-14,03/01/2014 12:00:00 AM,Main St Link,30786
Apr,2014,FY13-14,04/01/2014 12:00:00 AM,104,18881
Apr,2014,FY13-14,04/01/2014 12:00:00 AM,108,3969
Apr,2014,FY13-14,04/01/2014 12:00:00 AM,112,39647
Apr,2014,FY13-14,04/01/2014 12:00:00 AM,120,11899
Apr,2014,FY13-14,04/01/2014 12:00:00 AM,128,9784
Apr,2014,FY13-14,04/01/2014 12:00:00 AM,136,15214
Apr,2014,FY13-14,04/01/2014 12:00:00 AM,156,2696
Apr,2014,FY13-14,04/01/2014 12:00:00 AM,184,12397
Apr,2014,FY13-14,04/01/2014 12:00:00 AM,30,44727
Apr,2014,FY13-14,04/01/2014 12:00:00 AM,40,49087
Apr,2014,FY13-14,04/01/2014 12:00:00 AM,45,37743
Apr,2014,FY13-14,04/01/2014 12:00:00 AM,531,1160
Apr,2014,FY13-14,04/01/2014 12:00:00 AM,533,5130
Apr,2014,FY13-14,04/01/2014 12:00:00 AM,535,3220
Apr,2014,FY13-14,04/01/2014 12:00:00 AM,541,1200
Apr,2014,FY13-14,04/01/2014 12:00:00 AM,61,77810
Apr,2014,FY13-14,04/01/2014 12:00:00 AM,77,4340
Apr,2014,FY13-14,04/01/2014 12:00:00 AM,96,48459
Apr,2014,FY13-14,04/01/2014 12:00:00 AM,AZ Ave Link,22479
Apr,2014,FY13-14,04/01/2014 12:00:00 AM,Buzz,8640
Apr,2014,FY13-14,04/01/2014 12:00:00 AM,Main St Link,30628
May,2014,FY13-14,05/01/2014 12:00:00 AM,104,19392
May,2014,FY13-14,05/01/2014 12:00:00 AM,108,3765
May,2014,FY13-14,05/01/2014 12:00:00 AM,112,37325
May,2014,FY13-14,05/01/2014 12:00:00 AM,120,11560
May,2014,FY13-14,05/01/2014 12:00:00 AM,128,8437
May,2014,FY13-14,05/01/2014 12:00:00 AM,136,14530
May,2014,FY13-14,05/01/2014 12:00:00 AM,156,2399
May,2014,FY13-14,05/01/2014 12:00:00 AM,184,11785
May,2014,FY13-14,05/01/2014 12:00:00 AM,30,42580
May,2014,FY13-14,05/01/2014 12:00:00 AM,40,51887
May,2014,FY13-14,05/01/2014 12:00:00 AM,45,38461
May,2014,FY13-14,05/01/2014 12:00:00 AM,531,1033
May,2014,FY13-14,05/01/2014 12:00:00 AM,533,5030
May,2014,FY13-14,05/01/2014 12:00:00 AM,535,3185
May,2014,FY13-14,05/01/2014 12:00:00 AM,541,1065
May,2014,FY13-14,05/01/2014 12:00:00 AM,61,71013
May,2014,FY13-14,05/01/2014 12:00:00 AM,77,3741
May,2014,FY13-14,05/01/2014 12:00:00 AM,96,42933
May,2014,FY13-14,05/01/2014 12:00:00 AM,AZ Ave Link,22412
May,2014,FY13-14,05/01/2014 12:00:00 AM,Buzz,8295
May,2014,FY13-14,05/01/2014 12:00:00 AM,Main St Link,27714
Jun,2014,FY13-14,06/01/2014 12:00:00 AM,104,17606
Jun,2014,FY13-14,06/01/2014 12:00:00 AM,108,3886
Jun,2014,FY13-14,06/01/2014 12:00:00 AM,112,36586
Jun,2014,FY13-14,06/01/2014 12:00:00 AM,120,10836
Jun,2014,FY13-14,06/01/2014 12:00:00 AM,128,7469
Jun,2014,FY13-14,06/01/2014 12:00:00 AM,136,12293
Jun,2014,FY13-14,06/01/2014 12:00:00 AM,156,1859
Jun,2014,FY13-14,06/01/2014 12:00:00 AM,184,9953
Jun,2014,FY13-14,06/01/2014 12:00:00 AM,30,38311
Jun,2014,FY13-14,06/01/2014 12:00:00 AM,40,48724
Jun,2014,FY13-14,06/01/2014 12:00:00 AM,45,37836
Jun,2014,FY13-14,06/01/2014 12:00:00 AM,531,1128
Jun,2014,FY13-14,06/01/2014 12:00:00 AM,533,5637
Jun,2014,FY13-14,06/01/2014 12:00:00 AM,535,3026
Jun,2014,FY13-14,06/01/2014 12:00:00 AM,541,935
Jun,2014,FY13-14,06/01/2014 12:00:00 AM,61,61089
Jun,2014,FY13-14,06/01/2014 12:00:00 AM,77,4058
Jun,2014,FY13-14,06/01/2014 12:00:00 AM,96,40127
Jun,2014,FY13-14,06/01/2014 12:00:00 AM,AZ Ave Link,20757
Jun,2014,FY13-14,06/01/2014 12:00:00 AM,Buzz,6557
Jun,2014,FY13-14,06/01/2014 12:00:00 AM,Main St Link,26479
Jul,2014,FY14-15,07/01/2014 12:00:00 AM,104,17948
Jul,2014,FY14-15,07/01/2014 12:00:00 AM,108,3999
Jul,2014,FY14-15,07/01/2014 12:00:00 AM,112,34906
Jul,2014,FY14-15,07/01/2014 12:00:00 AM,120,10838
Jul,2014,FY14-15,07/01/2014 12:00:00 AM,128,8304
Jul,2014,FY14-15,07/01/2014 12:00:00 AM,136,12635
Jul,2014,FY14-15,07/01/2014 12:00:00 AM,156,1559
Jul,2014,FY14-15,07/01/2014 12:00:00 AM,184,9305
Jul,2014,FY14-15,07/01/2014 12:00:00 AM,30,35462
Jul,2014,FY14-15,07/01/2014 12:00:00 AM,40,48131
Jul,2014,FY14-15,07/01/2014 12:00:00 AM,45,31048
Jul,2014,FY14-15,07/01/2014 12:00:00 AM,531,794
Jul,2014,FY14-15,07/01/2014 12:00:00 AM,533,5823
Jul,2014,FY14-15,07/01/2014 12:00:00 AM,535,3022
Jul,2014,FY14-15,07/01/2014 12:00:00 AM,541,682
Jul,2014,FY14-15,07/01/2014 12:00:00 AM,61,52825
Jul,2014,FY14-15,07/01/2014 12:00:00 AM,77,3428
Jul,2014,FY14-15,07/01/2014 12:00:00 AM,96,33693
Jul,2014,FY14-15,07/01/2014 12:00:00 AM,AZ Ave Link,21775
Jul,2014,FY14-15,07/01/2014 12:00:00 AM,Buzz,6527
Jul,2014,FY14-15,07/01/2014 12:00:00 AM,Main St Link,29628
Aug,2014,FY14-15,08/01/2014 12:00:00 AM,104,21877
Aug,2014,FY14-15,08/01/2014 12:00:00 AM,108,4276
Aug,2014,FY14-15,08/01/2014 12:00:00 AM,112,37622
Aug,2014,FY14-15,08/01/2014 12:00:00 AM,120,11420
Aug,2014,FY14-15,08/01/2014 12:00:00 AM,128,9114
Aug,2014,FY14-15,08/01/2014 12:00:00 AM,136,14713
Aug,2014,FY14-15,08/01/2014 12:00:00 AM,156,2078
Aug,2014,FY14-15,08/01/2014 12:00:00 AM,184,11607
Aug,2014,FY14-15,08/01/2014 12:00:00 AM,30,44181
Aug,2014,FY14-15,08/01/2014 12:00:00 AM,40,51824
Aug,2014,FY14-15,08/01/2014 12:00:00 AM,45,42945
Aug,2014,FY14-15,08/01/2014 12:00:00 AM,531,1053
Aug,2014,FY14-15,08/01/2014 12:00:00 AM,533,5588
Aug,2014,FY14-15,08/01/2014 12:00:00 AM,535,3086
Aug,2014,FY14-15,08/01/2014 12:00:00 AM,541,806
Aug,2014,FY14-15,08/01/2014 12:00:00 AM,61,71146
Aug,2014,FY14-15,08/01/2014 12:00:00 AM,77,3873
Aug,2014,FY14-15,08/01/2014 12:00:00 AM,96,45158
Aug,2014,FY14-15,08/01/2014 12:00:00 AM,AZ Ave Link,22942
Aug,2014,FY14-15,08/01/2014 12:00:00 AM,Buzz,10494
Aug,2014,FY14-15,08/01/2014 12:00:00 AM,Main St Link,29109
Sep,2014,FY14-15,09/01/2014 12:00:00 AM,104,21951
Sep,2014,FY14-15,09/01/2014 12:00:00 AM,108,4738
Sep,2014,FY14-15,09/01/2014 12:00:00 AM,112,36744
Sep,2014,FY14-15,09/01/2014 12:00:00 AM,120,10689
Sep,2014,FY14-15,09/01/2014 12:00:00 AM,128,8759
Sep,2014,FY14-15,09/01/2014 12:00:00 AM,136,15637
Sep,2014,FY14-15,09/01/2014 12:00:00 AM,156,2297
Sep,2014,FY14-15,09/01/2014 12:00:00 AM,184,12171
Sep,2014,FY14-15,09/01/2014 12:00:00 AM,30,45570
Sep,2014,FY14-15,09/01/2014 12:00:00 AM,40,48130
Sep,2014,FY14-15,09/01/2014 12:00:00 AM,45,42270
Sep,2014,FY14-15,09/01/2014 12:00:00 AM,531,963
Sep,2014,FY14-15,09/01/2014 12:00:00 AM,533,6108
Sep,2014,FY14-15,09/01/2014 12:00:00 AM,535,3269
Sep,2014,FY14-15,09/01/2014 12:00:00 AM,541,785
Sep,2014,FY14-15,09/01/2014 12:00:00 AM,61,74156
Sep,2014,FY14-15,09/01/2014 12:00:00 AM,77,4324
Sep,2014,FY14-15,09/01/2014 12:00:00 AM,96,49875
Sep,2014,FY14-15,09/01/2014 12:00:00 AM,AZ Ave Link,21542
Sep,2014,FY14-15,09/01/2014 12:00:00 AM,Buzz,9790
Sep,2014,FY14-15,09/01/2014 12:00:00 AM,Main St Link,28594
Oct,2014,FY14-15,10/01/2014 12:00:00 AM,104,26230
Oct,2014,FY14-15,10/01/2014 12:00:00 AM,108,5168
Oct,2014,FY14-15,10/01/2014 12:00:00 AM,112,39186
Oct,2014,FY14-15,10/01/2014 12:00:00 AM,120,12016
Oct,2014,FY14-15,10/01/2014 12:00:00 AM,128,11333
Oct,2014,FY14-15,10/01/2014 12:00:00 AM,136,16263
Oct,2014,FY14-15,10/01/2014 12:00:00 AM,156,2926
Oct,2014,FY14-15,10/01/2014 12:00:00 AM,184,14240
Oct,2014,FY14-15,10/01/2014 12:00:00 AM,30,49918
Oct,2014,FY14-15,10/01/2014 12:00:00 AM,40,49028
Oct,2014,FY14-15,10/01/2014 12:00:00 AM,45,44713
Oct,2014,FY14-15,10/01/2014 12:00:00 AM,531,1236
Oct,2014,FY14-15,10/01/2014 12:00:00 AM,533,5448
Oct,2014,FY14-15,10/01/2014 12:00:00 AM,535,3535
Oct,2014,FY14-15,10/01/2014 12:00:00 AM,541,987
Oct,2014,FY14-15,10/01/2014 12:00:00 AM,61,84189
Oct,2014,FY14-15,10/01/2014 12:00:00 AM,77,3813
Oct,2014,FY14-15,10/01/2014 12:00:00 AM,96,54001
Oct,2014,FY14-15,10/01/2014 12:00:00 AM,AZ Ave Link,22795
Oct,2014,FY14-15,10/01/2014 12:00:00 AM,Buzz,10928
Oct,2014,FY14-15,10/01/2014 12:00:00 AM,Main St Link,32846
Nov,2014,FY14-15,11/01/2014 12:00:00 AM,104,20659
Nov,2014,FY14-15,11/01/2014 12:00:00 AM,108,4283
Nov,2014,FY14-15,11/01/2014 12:00:00 AM,112,30492
Nov,2014,FY14-15,11/01/2014 12:00:00 AM,120,8066
Nov,2014,FY14-15,11/01/2014 12:00:00 AM,128,8359
Nov,2014,FY14-15,11/01/2014 12:00:00 AM,136,13161
Nov,2014,FY14-15,11/01/2014 12:00:00 AM,156,2085
Nov,2014,FY14-15,11/01/2014 12:00:00 AM,184,12107
Nov,2014,FY14-15,11/01/2014 12:00:00 AM,30,38567
Nov,2014,FY14-15,11/01/2014 12:00:00 AM,40,51881
Nov,2014,FY14-15,11/01/2014 12:00:00 AM,45,39177
Nov,2014,FY14-15,11/01/2014 12:00:00 AM,531,1182
Nov,2014,FY14-15,11/01/2014 12:00:00 AM,533,3688
Nov,2014,FY14-15,11/01/2014 12:00:00 AM,535,2573
Nov,2014,FY14-15,11/01/2014 12:00:00 AM,541,831
Nov,2014,FY14-15,11/01/2014 12:00:00 AM,61,73379
Nov,2014,FY14-15,11/01/2014 12:00:00 AM,77,2575
Nov,2014,FY14-15,11/01/2014 12:00:00 AM,96,44765
Nov,2014,FY14-15,11/01/2014 12:00:00 AM,AZ Ave Link,21251
Nov,2014,FY14-15,11/01/2014 12:00:00 AM,Buzz,8195
Nov,2014,FY14-15,11/01/2014 12:00:00 AM,Main St Link,26577
Dec,2014,FY14-15,12/01/2014 12:00:00 AM,104,22440
Dec,2014,FY14-15,12/01/2014 12:00:00 AM,108,3082
Dec,2014,FY14-15,12/01/2014 12:00:00 AM,112,32491
Dec,2014,FY14-15,12/01/2014 12:00:00 AM,120,9573
Dec,2014,FY14-15,12/01/2014 12:00:00 AM,128,9222
Dec,2014,FY14-15,12/01/2014 12:00:00 AM,136,13876
Dec,2014,FY14-15,12/01/2014 12:00:00 AM,156,1778
Dec,2014,FY14-15,12/01/2014 12:00:00 AM,184,12970
Dec,2014,FY14-15,12/01/2014 12:00:00 AM,30,40977
Dec,2014,FY14-15,12/01/2014 12:00:00 AM,40,49281
Dec,2014,FY14-15,12/01/2014 12:00:00 AM,45,40177
Dec,2014,FY14-15,12/01/2014 12:00:00 AM,531,1188
Dec,2014,FY14-15,12/01/2014 12:00:00 AM,533,3935
Dec,2014,FY14-15,12/01/2014 12:00:00 AM,535,3324
Dec,2014,FY14-15,12/01/2014 12:00:00 AM,541,1008
Dec,2014,FY14-15,12/01/2014 12:00:00 AM,61,74637
Dec,2014,FY14-15,12/01/2014 12:00:00 AM,77,3229
Dec,2014,FY14-15,12/01/2014 12:00:00 AM,96,44431
Dec,2014,FY14-15,12/01/2014 12:00:00 AM,AZ Ave Link,21394
Dec,2014,FY14-15,12/01/2014 12:00:00 AM,Buzz,8510
Dec,2014,FY14-15,12/01/2014 12:00:00 AM,Main St Link,30507
Jan,2015,FY14-15,01/01/2015 12:00:00 AM,104,22193
Jan,2015,FY14-15,01/01/2015 12:00:00 AM,108,4114
Jan,2015,FY14-15,01/01/2015 12:00:00 AM,112,33312
Jan,2015,FY14-15,01/01/2015 12:00:00 AM,120,8788
Jan,2015,FY14-15,01/01/2015 12:00:00 AM,128,8859
Jan,2015,FY14-15,01/01/2015 12:00:00 AM,136,14120
Jan,2015,FY14-15,01/01/2015 12:00:00 AM,156,2386
Jan,2015,FY14-15,01/01/2015 12:00:00 AM,184,13184
Jan,2015,FY14-15,01/01/2015 12:00:00 AM,30,39732
Jan,2015,FY14-15,01/01/2015 12:00:00 AM,40,49972
Jan,2015,FY14-15,01/01/2015 12:00:00 AM,45,41416
Jan,2015,FY14-15,01/01/2015 12:00:00 AM,531,1208
Jan,2015,FY14-15,01/01/2015 12:00:00 AM,533,5017
Jan,2015,FY14-15,01/01/2015 12:00:00 AM,535,3514
Jan,2015,FY14-15,01/01/2015 12:00:00 AM,541,1151
Jan,2015,FY14-15,01/01/2015 12:00:00 AM,61,74799
Jan,2015,FY14-15,01/01/2015 12:00:00 AM,77,3288
Jan,2015,FY14-15,01/01/2015 12:00:00 AM,96,45880
Jan,2015,FY14-15,01/01/2015 12:00:00 AM,AZ Ave Link,24603
Jan,2015,FY14-15,01/01/2015 12:00:00 AM,Buzz,8145
Jan,2015,FY14-15,01/01/2015 12:00:00 AM,Main St Link,28107
Feb,2015,FY14-15,02/01/2015 12:00:00 AM,104,22548
Feb,2015,FY14-15,02/01/2015 12:00:00 AM,108,4592
Feb,2015,FY14-15,02/01/2015 12:00:00 AM,112,28937
Feb,2015,FY14-15,02/01/2015 12:00:00 AM,120,9349
Feb,2015,FY14-15,02/01/2015 12:00:00 AM,128,8952
Feb,2015,FY14-15,02/01/2015 12:00:00 AM,136,13884
Feb,2015,FY14-15,02/01/2015 12:00:00 AM,156,2125
Feb,2015,FY14-15,02/01/2015 12:00:00 AM,184,13534
Feb,2015,FY14-15,02/01/2015 12:00:00 AM,30,40020
Feb,2015,FY14-15,02/01/2015 12:00:00 AM,40,43647
Feb,2015,FY14-15,02/01/2015 12:00:00 AM,45,38831
Feb,2015,FY14-15,02/01/2015 12:00:00 AM,531,1159
Feb,2015,FY14-15,02/01/2015 12:00:00 AM,533,4542
Feb,2015,FY14-15,02/01/2015 12:00:00 AM,535,2903
Feb,2015,FY14-15,02/01/2015 12:00:00 AM,541,1079
Feb,2015,FY14-15,02/01/2015 12:00:00 AM,61,74125
Feb,2015,FY14-15,02/01/2015 12:00:00 AM,77,3220
Feb,2015,FY14-15,02/01/2015 12:00:00 AM,96,46289
Feb,2015,FY14-15,02/01/2015 12:00:00 AM,AZ Ave Link,23637
Feb,2015,FY14-15,02/01/2015 12:00:00 AM,Buzz,8065
Feb,2015,FY14-15,02/01/2015 12:00:00 AM,Main St Link,26749
Mar,2015,FY14-15,03/01/2015 12:00:00 AM,104,22700
Mar,2015,FY14-15,03/01/2015 12:00:00 AM,108,3322
Mar,2015,FY14-15,03/01/2015 12:00:00 AM,112,32879
Mar,2015,FY14-15,03/01/2015 12:00:00 AM,120,9031
Mar,2015,FY14-15,03/01/2015 12:00:00 AM,128,9266
Mar,2015,FY14-15,03/01/2015 12:00:00 AM,136,13497
Mar,2015,FY14-15,03/01/2015 12:00:00 AM,156,2112
Mar,2015,FY14-15,03/01/2015 12:00:00 AM,184,13533
Mar,2015,FY14-15,03/01/2015 12:00:00 AM,30,39943
Mar,2015,FY14-15,03/01/2015 12:00:00 AM,40,46406
Mar,2015,FY14-15,03/01/2015 12:00:00 AM,45,43402
Mar,2015,FY14-15,03/01/2015 12:00:00 AM,531,1301
Mar,2015,FY14-15,03/01/2015 12:00:00 AM,533,4549
Mar,2015,FY14-15,03/01/2015 12:00:00 AM,535,3453
Mar,2015,FY14-15,03/01/2015 12:00:00 AM,541,1343
Mar,2015,FY14-15,03/01/2015 12:00:00 AM,61,78668
Mar,2015,FY14-15,03/01/2015 12:00:00 AM,77,3129
Mar,2015,FY14-15,03/01/2015 12:00:00 AM,96,48046
Mar,2015,FY14-15,03/01/2015 12:00:00 AM,AZ Ave Link,21885
Mar,2015,FY14-15,03/01/2015 12:00:00 AM,Buzz,7942
Mar,2015,FY14-15,03/01/2015 12:00:00 AM,Main St Link,31068
Apr,2015,FY14-15,04/01/2015 12:00:00 AM,104,22373
Apr,2015,FY14-15,04/01/2015 12:00:00 AM,108,4094
Apr,2015,FY14-15,04/01/2015 12:00:00 AM,112,34132
Apr,2015,FY14-15,04/01/2015 12:00:00 AM,120,9084
Apr,2015,FY14-15,04/01/2015 12:00:00 AM,128,9107
Apr,2015,FY14-15,04/01/2015 12:00:00 AM,136,12883
Apr,2015,FY14-15,04/01/2015 12:00:00 AM,156,1890
Apr,2015,FY14-15,04/01/2015 12:00:00 AM,184,13128
Apr,2015,FY14-15,04/01/2015 12:00:00 AM,30,40196
Apr,2015,FY14-15,04/01/2015 12:00:00 AM,40,45611
Apr,2015,FY14-15,04/01/2015 12:00:00 AM,45,40836
Apr,2015,FY14-15,04/01/2015 12:00:00 AM,531,1183
Apr,2015,FY14-15,04/01/2015 12:00:00 AM,533,4120
Apr,2015,FY14-15,04/01/2015 12:00:00 AM,535,3575
Apr,2015,FY14-15,04/01/2015 12:00:00 AM,541,1179
Apr,2015,FY14-15,04/01/2015 12:00:00 AM,61,77481
Apr,2015,FY14-15,04/01/2015 12:00:00 AM,77,3082
Apr,2015,FY14-15,04/01/2015 12:00:00 AM,96,45082
Apr,2015,FY14-15,04/01/2015 12:00:00 AM,AZ Ave Link,23724
Apr,2015,FY14-15,04/01/2015 12:00:00 AM,Buzz,7782
Apr,2015,FY14-15,04/01/2015 12:00:00 AM,Main St Link,30954
May,2015,FY14-15,05/01/2015 12:00:00 AM,104,21207
May,2015,FY14-15,05/01/2015 12:00:00 AM,108,2935
May,2015,FY14-15,05/01/2015 12:00:00 AM,112,32397
May,2015,FY14-15,05/01/2015 12:00:00 AM,120,7531
May,2015,FY14-15,05/01/2015 12:00:00 AM,128,7756
May,2015,FY14-15,05/01/2015 12:00:00 AM,136,10942
May,2015,FY14-15,05/01/2015 12:00:00 AM,156,2052
May,2015,FY14-15,05/01/2015 12:00:00 AM,184,12174
May,2015,FY14-15,05/01/2015 12:00:00 AM,30,37508
May,2015,FY14-15,05/01/2015 12:00:00 AM,40,46976
May,2015,FY14-15,05/01/2015 12:00:00 AM,45,37954
May,2015,FY14-15,05/01/2015 12:00:00 AM,531,1108
May,2015,FY14-15,05/01/2015 12:00:00 AM,533,4103
May,2015,FY14-15,05/01/2015 12:00:00 AM,535,2794
May,2015,FY14-15,05/01/2015 12:00:00 AM,541,969
May,2015,FY14-15,05/01/2015 12:00:00 AM,61,66192
May,2015,FY14-15,05/01/2015 12:00:00 AM,77,3175
May,2015,FY14-15,05/01/2015 12:00:00 AM,96,41554
May,2015,FY14-15,05/01/2015 12:00:00 AM,AZ Ave Link,19747
May,2015,FY14-15,05/01/2015 12:00:00 AM,Buzz,6654
May,2015,FY14-15,05/01/2015 12:00:00 AM,Main St Link,28658
Jun,2015,FY14-15,06/01/2015 12:00:00 AM,104,18386
Jun,2015,FY14-15,06/01/2015 12:00:00 AM,108,3430
Jun,2015,FY14-15,06/01/2015 12:00:00 AM,112,30573
Jun,2015,FY14-15,06/01/2015 12:00:00 AM,120,7541
Jun,2015,FY14-15,06/01/2015 12:00:00 AM,128,7778
Jun,2015,FY14-15,06/01/2015 12:00:00 AM,136,11063
Jun,2015,FY14-15,06/01/2015 12:00:00 AM,156,1181
Jun,2015,FY14-15,06/01/2015 12:00:00 AM,184,10407
Jun,2015,FY14-15,06/01/2015 12:00:00 AM,30,36877
Jun,2015,FY14-15,06/01/2015 12:00:00 AM,40,43750
Jun,2015,FY14-15,06/01/2015 12:00:00 AM,45,36257
Jun,2015,FY14-15,06/01/2015 12:00:00 AM,531,910
Jun,2015,FY14-15,06/01/2015 12:00:00 AM,533,4771
Jun,2015,FY14-15,06/01/2015 12:00:00 AM,535,3027
Jun,2015,FY14-15,06/01/2015 12:00:00 AM,541,1030
Jun,2015,FY14-15,06/01/2015 12:00:00 AM,61,57503
Jun,2015,FY14-15,06/01/2015 12:00:00 AM,77,2653
Jun,2015,FY14-15,06/01/2015 12:00:00 AM,96,38004
Jun,2015,FY14-15,06/01/2015 12:00:00 AM,AZ Ave Link,18290
Jun,2015,FY14-15,06/01/2015 12:00:00 AM,Buzz,5212
Jun,2015,FY14-15,06/01/2015 12:00:00 AM,Main St Link,29214
Jul,2015,FY15-16,07/01/2015 12:00:00 AM,104,19189
Jul,2015,FY15-16,07/01/2015 12:00:00 AM,108,3809
Jul,2015,FY15-16,07/01/2015 12:00:00 AM,112,29120
Jul,2015,FY15-16,07/01/2015 12:00:00 AM,120,6864
Jul,2015,FY15-16,07/01/2015 12:00:00 AM,128,7678
Jul,2015,FY15-16,07/01/2015 12:00:00 AM,136,10516
Jul,2015,FY15-16,07/01/2015 12:00:00 AM,156,1587
Jul,2015,FY15-16,07/01/2015 12:00:00 AM,184,11126
Jul,2015,FY15-16,07/01/2015 12:00:00 AM,30,35020
Jul,2015,FY15-16,07/01/2015 12:00:00 AM,40,46369
Jul,2015,FY15-16,07/01/2015 12:00:00 AM,45,37037
Jul,2015,FY15-16,07/01/2015 12:00:00 AM,531,1031
Jul,2015,FY15-16,07/01/2015 12:00:00 AM,533,4980
Jul,2015,FY15-16,07/01/2015 12:00:00 AM,535,3289
Jul,2015,FY15-16,07/01/2015 12:00:00 AM,541,1176
Jul,2015,FY15-16,07/01/2015 12:00:00 AM,61,55294
Jul,2015,FY15-16,07/01/2015 12:00:00 AM,77,2510
Jul,2015,FY15-16,07/01/2015 12:00:00 AM,96,38036
Jul,2015,FY15-16,07/01/2015 12:00:00 AM,AZ Ave Link,18532
Jul,2015,FY15-16,07/01/2015 12:00:00 AM,Buzz,6578
Jul,2015,FY15-16,07/01/2015 12:00:00 AM,Main St Link,29715
Aug,2015,FY15-16,08/01/2015 12:00:00 AM,104,20243
Aug,2015,FY15-16,08/01/2015 12:00:00 AM,108,3525
Aug,2015,FY15-16,08/01/2015 12:00:00 AM,112,32974
Aug,2015,FY15-16,08/01/2015 12:00:00 AM,120,7935
Aug,2015,FY15-16,08/01/2015 12:00:00 AM,128,8060
Aug,2015,FY15-16,08/01/2015 12:00:00 AM,136,12111
Aug,2015,FY15-16,08/01/2015 12:00:00 AM,156,1792
Aug,2015,FY15-16,08/01/2015 12:00:00 AM,184,12864
Aug,2015,FY15-16,08/01/2015 12:00:00 AM,30,37363
Aug,2015,FY15-16,08/01/2015 12:00:00 AM,40,47471
Aug,2015,FY15-16,08/01/2015 12:00:00 AM,45,38865
Aug,2015,FY15-16,08/01/2015 12:00:00 AM,531,1049
Aug,2015,FY15-16,08/01/2015 12:00:00 AM,533,4162
Aug,2015,FY15-16,08/01/2015 12:00:00 AM,535,3647
Aug,2015,FY15-16,08/01/2015 12:00:00 AM,541,1171
Aug,2015,FY15-16,08/01/2015 12:00:00 AM,61,62513
Aug,2015,FY15-16,08/01/2015 12:00:00 AM,77,2977
Aug,2015,FY15-16,08/01/2015 12:00:00 AM,96,41117
Aug,2015,FY15-16,08/01/2015 12:00:00 AM,AZ Ave Link,16023
Aug,2015,FY15-16,08/01/2015 12:00:00 AM,Buzz,9049
Aug,2015,FY15-16,08/01/2015 12:00:00 AM,Main St Link,25982
Sep,2015,FY15-16,09/01/2015 12:00:00 AM,104,23723
Sep,2015,FY15-16,09/01/2015 12:00:00 AM,108,3359
Sep,2015,FY15-16,09/01/2015 12:00:00 AM,112,36801
Sep,2015,FY15-16,09/01/2015 12:00:00 AM,120,9417
Sep,2015,FY15-16,09/01/2015 12:00:00 AM,128,8659
Sep,2015,FY15-16,09/01/2015 12:00:00 AM,136,13658
Sep,2015,FY15-16,09/01/2015 12:00:00 AM,156,1554
Sep,2015,FY15-16,09/01/2015 12:00:00 AM,184,12882
Sep,2015,FY15-16,09/01/2015 12:00:00 AM,30,35643
Sep,2015,FY15-16,09/01/2015 12:00:00 AM,40,41547
Sep,2015,FY15-16,09/01/2015 12:00:00 AM,45,32980
Sep,2015,FY15-16,09/01/2015 12:00:00 AM,531,1063
Sep,2015,FY15-16,09/01/2015 12:00:00 AM,533,4644
Sep,2015,FY15-16,09/01/2015 12:00:00 AM,535,3602
Sep,2015,FY15-16,09/01/2015 12:00:00 AM,541,1139
Sep,2015,FY15-16,09/01/2015 12:00:00 AM,61,70458
Sep,2015,FY15-16,09/01/2015 12:00:00 AM,77,2674
Sep,2015,FY15-16,09/01/2015 12:00:00 AM,96,47948
Sep,2015,FY15-16,09/01/2015 12:00:00 AM,AZ Ave Link,10488
Sep,2015,FY15-16,09/01/2015 12:00:00 AM,Buzz,9872
Sep,2015,FY15-16,09/01/2015 12:00:00 AM,Main St Link,18461
Oct,2015,FY15-16,10/01/2015 12:00:00 AM,104,22120
Oct,2015,FY15-16,10/01/2015 12:00:00 AM,108,2691
Oct,2015,FY15-16,10/01/2015 12:00:00 AM,112,39989
Oct,2015,FY15-16,10/01/2015 12:00:00 AM,120,9389
Oct,2015,FY15-16,10/01/2015 12:00:00 AM,128,9214
Oct,2015,FY15-16,10/01/2015 12:00:00 AM,136,13138
Oct,2015,FY15-16,10/01/2015 12:00:00 AM,156,1763
Oct,2015,FY15-16,10/01/2015 12:00:00 AM,184,13700
Oct,2015,FY15-16,10/01/2015 12:00:00 AM,30,36883
Oct,2015,FY15-16,10/01/2015 12:00:00 AM,40,42653
Oct,2015,FY15-16,10/01/2015 12:00:00 AM,45,37054
Oct,2015,FY15-16,10/01/2015 12:00:00 AM,531,1171
Oct,2015,FY15-16,10/01/2015 12:00:00 AM,533,4336
Oct,2015,FY15-16,10/01/2015 12:00:00 AM,535,3320
Oct,2015,FY15-16,10/01/2015 12:00:00 AM,541,1061
Oct,2015,FY15-16,10/01/2015 12:00:00 AM,61,70719
Oct,2015,FY15-16,10/01/2015 12:00:00 AM,77,2722
Oct,2015,FY15-16,10/01/2015 12:00:00 AM,96,48731
Oct,2015,FY15-16,10/01/2015 12:00:00 AM,AZ Ave Link,10524
Oct,2015,FY15-16,10/01/2015 12:00:00 AM,Buzz,10116
Oct,2015,FY15-16,10/01/2015 12:00:00 AM,Main St Link,19341
Nov,2015,FY15-16,11/01/2015 12:00:00 AM,104,15530
Nov,2015,FY15-16,11/01/2015 12:00:00 AM,108,2126
Nov,2015,FY15-16,11/01/2015 12:00:00 AM,112,38434
Nov,2015,FY15-16,11/01/2015 12:00:00 AM,120,8348
Nov,2015,FY15-16,11/01/2015 12:00:00 AM,128,7699
Nov,2015,FY15-16,11/01/2015 12:00:00 AM,136,10215
Nov,2015,FY15-16,11/01/2015 12:00:00 AM,156,1235
Nov,2015,FY15-16,11/01/2015 12:00:00 AM,184,11992
Nov,2015,FY15-16,11/01/2015 12:00:00 AM,30,30540
Nov,2015,FY15-16,11/01/2015 12:00:00 AM,40,39029
Nov,2015,FY15-16,11/01/2015 12:00:00 AM,45,29540
Nov,2015,FY15-16,11/01/2015 12:00:00 AM,531,936
Nov,2015,FY15-16,11/01/2015 12:00:00 AM,533,3287
Nov,2015,FY15-16,11/01/2015 12:00:00 AM,535,2745
Nov,2015,FY15-16,11/01/2015 12:00:00 AM,541,1002
Nov,2015,FY15-16,11/01/2015 12:00:00 AM,61,65092
Nov,2015,FY15-16,11/01/2015 12:00:00 AM,77,3100
Nov,2015,FY15-16,11/01/2015 12:00:00 AM,96,41137
Nov,2015,FY15-16,11/01/2015 12:00:00 AM,AZ Ave Link,10092
Nov,2015,FY15-16,11/01/2015 12:00:00 AM,Buzz,7758
Nov,2015,FY15-16,11/01/2015 12:00:00 AM,Main St Link,14322
Dec,2015,FY15-16,12/01/2015 12:00:00 AM,104,17043
Dec,2015,FY15-16,12/01/2015 12:00:00 AM,108,2533
Dec,2015,FY15-16,12/01/2015 12:00:00 AM,112,41375
Dec,2015,FY15-16,12/01/2015 12:00:00 AM,120,9055
Dec,2015,FY15-16,12/01/2015 12:00:00 AM,128,8423
Dec,2015,FY15-16,12/01/2015 12:00:00 AM,136,11428
Dec,2015,FY15-16,12/01/2015 12:00:00 AM,156,976
Dec,2015,FY15-16,12/01/2015 12:00:00 AM,184,12169
Dec,2015,FY15-16,12/01/2015 12:00:00 AM,30,32380
Dec,2015,FY15-16,12/01/2015 12:00:00 AM,40,40568
Dec,2015,FY15-16,12/01/2015 12:00:00 AM,45,31534
Dec,2015,FY15-16,12/01/2015 12:00:00 AM,531,1021
Dec,2015,FY15-16,12/01/2015 12:00:00 AM,533,3538
Dec,2015,FY15-16,12/01/2015 12:00:00 AM,535,2892
Dec,2015,FY15-16,12/01/2015 12:00:00 AM,541,1028
Dec,2015,FY15-16,12/01/2015 12:00:00 AM,61,62527
Dec,2015,FY15-16,12/01/2015 12:00:00 AM,77,3268
Dec,2015,FY15-16,12/01/2015 12:00:00 AM,96,40000
Dec,2015,FY15-16,12/01/2015 12:00:00 AM,AZ Ave Link,9611
Dec,2015,FY15-16,12/01/2015 12:00:00 AM,Buzz,10116
Dec,2015,FY15-16,12/01/2015 12:00:00 AM,Main St Link,16062
Jan,2016,FY15-16,01/01/2016 12:00:00 AM,104,15186
Jan,2016,FY15-16,01/01/2016 12:00:00 AM,108,2669
Jan,2016,FY15-16,01/01/2016 12:00:00 AM,112,39662
Jan,2016,FY15-16,01/01/2016 12:00:00 AM,120,8250
Jan,2016,FY15-16,01/01/2016 12:00:00 AM,128,7633
Jan,2016,FY15-16,01/01/2016 12:00:00 AM,136,10450
Jan,2016,FY15-16,01/01/2016 12:00:00 AM,156,1310
Jan,2016,FY15-16,01/01/2016 12:00:00 AM,184,10636
Jan,2016,FY15-16,01/01/2016 12:00:00 AM,30,29595
Jan,2016,FY15-16,01/01/2016 12:00:00 AM,40,39264
Jan,2016,FY15-16,01/01/2016 12:00:00 AM,45,30945
Jan,2016,FY15-16,01/01/2016 12:00:00 AM,531,1120
Jan,2016,FY15-16,01/01/2016 12:00:00 AM,533,3489
Jan,2016,FY15-16,01/01/2016 12:00:00 AM,535,2971
Jan,2016,FY15-16,01/01/2016 12:00:00 AM,541,1106
Jan,2016,FY15-16,01/01/2016 12:00:00 AM,61,64132
Jan,2016,FY15-16,01/01/2016 12:00:00 AM,77,2361
Jan,2016,FY15-16,01/01/2016 12:00:00 AM,96,39468
Jan,2016,FY15-16,01/01/2016 12:00:00 AM,AZ Ave Link,9565
Jan,2016,FY15-16,01/01/2016 12:00:00 AM,Buzz,8878
Jan,2016,FY15-16,01/01/2016 12:00:00 AM,Main St Link,14682
Feb,2016,FY15-16,02/01/2016 12:00:00 AM,104,16469
Feb,2016,FY15-16,02/01/2016 12:00:00 AM,108,2559
Feb,2016,FY15-16,02/01/2016 12:00:00 AM,112,38555
Feb,2016,FY15-16,02/01/2016 12:00:00 AM,120,8794
Feb,2016,FY15-16,02/01/2016 12:00:00 AM,128,8334
Feb,2016,FY15-16,02/01/2016 12:00:00 AM,136,12558
Feb,2016,FY15-16,02/01/2016 12:00:00 AM,156,1080
Feb,2016,FY15-16,02/01/2016 12:00:00 AM,184,11870
Feb,2016,FY15-16,02/01/2016 12:00:00 AM,30,30339
Feb,2016,FY15-16,02/01/2016 12:00:00 AM,40,40342
Feb,2016,FY15-16,02/01/2016 12:00:00 AM,45,32547
Feb,2016,FY15-16,02/01/2016 12:00:00 AM,531,1106
Feb,2016,FY15-16,02/01/2016 12:00:00 AM,533,3917
Feb,2016,FY15-16,02/01/2016 12:00:00 AM,535,2995
Feb,2016,FY15-16,02/01/2016 12:00:00 AM,541,1149
Feb,2016,FY15-16,02/01/2016 12:00:00 AM,61,66706
Feb,2016,FY15-16,02/01/2016 12:00:00 AM,77,3312
Feb,2016,FY15-16,02/01/2016 12:00:00 AM,96,41320
Feb,2016,FY15-16,02/01/2016 12:00:00 AM,AZ Ave Link,9308
Feb,2016,FY15-16,02/01/2016 12:00:00 AM,Buzz,9514
Feb,2016,FY15-16,02/01/2016 12:00:00 AM,Main St Link,16121
Mar,2016,FY15-16,03/01/2016 12:00:00 AM,104,18137
Mar,2016,FY15-16,03/01/2016 12:00:00 AM,108,2675
Mar,2016,FY15-16,03/01/2016 12:00:00 AM,112,39964
Mar,2016,FY15-16,03/01/2016 12:00:00 AM,120,9655
Mar,2016,FY15-16,03/01/2016 12:00:00 AM,128,8677
Mar,2016,FY15-16,03/01/2016 12:00:00 AM,136,12673
Mar,2016,FY15-16,03/01/2016 12:00:00 AM,156,1068
Mar,2016,FY15-16,03/01/2016 12:00:00 AM,184,12364
Mar,2016,FY15-16,03/01/2016 12:00:00 AM,30,33783
Mar,2016,FY15-16,03/01/2016 12:00:00 AM,40,37688
Mar,2016,FY15-16,03/01/2016 12:00:00 AM,45,35078
Mar,2016,FY15-16,03/01/2016 12:00:00 AM,531,1328
Mar,2016,FY15-16,03/01/2016 12:00:00 AM,533,4198
Mar,2016,FY15-16,03/01/2016 12:00:00 AM,535,3401
Mar,2016,FY15-16,03/01/2016 12:00:00 AM,541,1221
Mar,2016,FY15-16,03/01/2016 12:00:00 AM,61,65654
Mar,2016,FY15-16,03/01/2016 12:00:00 AM,77,2356
Mar,2016,FY15-16,03/01/2016 12:00:00 AM,96,40084
Mar,2016,FY15-16,03/01/2016 12:00:00 AM,AZ Ave Link,10919
Mar,2016,FY15-16,03/01/2016 12:00:00 AM,Buzz,10725
Mar,2016,FY15-16,03/01/2016 12:00:00 AM,Main St Link,17842
Apr,2016,FY15-16,04/01/2016 12:00:00 AM,104,17140
Apr,2016,FY15-16,04/01/2016 12:00:00 AM,108,3238
Apr,2016,FY15-16,04/01/2016 12:00:00 AM,112,38134
Apr,2016,FY15-16,04/01/2016 12:00:00 AM,120,9302
Apr,2016,FY15-16,04/01/2016 12:00:00 AM,128,8011
Apr,2016,FY15-16,04/01/2016 12:00:00 AM,136,12042
Apr,2016,FY15-16,04/01/2016 12:00:00 AM,156,1523
Apr,2016,FY15-16,04/01/2016 12:00:00 AM,184,11268
Apr,2016,FY15-16,04/01/2016 12:00:00 AM,30,32020
Apr,2016,FY15-16,04/01/2016 12:00:00 AM,40,36966
Apr,2016,FY15-16,04/01/2016 12:00:00 AM,45,33340
Apr,2016,FY15-16,04/01/2016 12:00:00 AM,531,1366
Apr,2016,FY15-16,04/01/2016 12:00:00 AM,533,3621
Apr,2016,FY15-16,04/01/2016 12:00:00 AM,535,3045
Apr,2016,FY15-16,04/01/2016 12:00:00 AM,541,1109
Apr,2016,FY15-16,04/01/2016 12:00:00 AM,61,61972
Apr,2016,FY15-16,04/01/2016 12:00:00 AM,77,2864
Apr,2016,FY15-16,04/01/2016 12:00:00 AM,96,38496
Apr,2016,FY15-16,04/01/2016 12:00:00 AM,AZ Ave Link,8994
Apr,2016,FY15-16,04/01/2016 12:00:00 AM,Buzz,10435
Apr,2016,FY15-16,04/01/2016 12:00:00 AM,Main St Link,16067
May,2016,FY15-16,05/01/2016 12:00:00 AM,104,17252
May,2016,FY15-16,05/01/2016 12:00:00 AM,108,3095
May,2016,FY15-16,05/01/2016 12:00:00 AM,112,37840
May,2016,FY15-16,05/01/2016 12:00:00 AM,120,8806
May,2016,FY15-16,05/01/2016 12:00:00 AM,128,7449
May,2016,FY15-16,05/01/2016 12:00:00 AM,136,11884
May,2016,FY15-16,05/01/2016 12:00:00 AM,156,1937
May,2016,FY15-16,05/01/2016 12:00:00 AM,184,14000
May,2016,FY15-16,05/01/2016 12:00:00 AM,30,27227
May,2016,FY15-16,05/01/2016 12:00:00 AM,40,36929
May,2016,FY15-16,05/01/2016 12:00:00 AM,45,32815
May,2016,FY15-16,05/01/2016 12:00:00 AM,531,1407
May,2016,FY15-16,05/01/2016 12:00:00 AM,533,3380
May,2016,FY15-16,05/01/2016 12:00:00 AM,535,2591
May,2016,FY15-16,05/01/2016 12:00:00 AM,541,1055
May,2016,FY15-16,05/01/2016 12:00:00 AM,61,56958
May,2016,FY15-16,05/01/2016 12:00:00 AM,77,3591
May,2016,FY15-16,05/01/2016 12:00:00 AM,96,36424
May,2016,FY15-16,05/01/2016 12:00:00 AM,AZ Ave Link,8821
May,2016,FY15-16,05/01/2016 12:00:00 AM,Buzz,9669
May,2016,FY15-16,05/01/2016 12:00:00 AM,Main St Link,16256
Jun,2016,FY15-16,06/01/2016 12:00:00 AM,104,15911
Jun,2016,FY15-16,06/01/2016 12:00:00 AM,108,2149
Jun,2016,FY15-16,06/01/2016 12:00:00 AM,112,33652
Jun,2016,FY15-16,06/01/2016 12:00:00 AM,120,8297
Jun,2016,FY15-16,06/01/2016 12:00:00 AM,128,6910
Jun,2016,FY15-16,06/01/2016 12:00:00 AM,136,10253
Jun,2016,FY15-16,06/01/2016 12:00:00 AM,156,2640
Jun,2016,FY15-16,06/01/2016 12:00:00 AM,184,11278
Jun,2016,FY15-16,06/01/2016 12:00:00 AM,30,26136
Jun,2016,FY15-16,06/01/2016 12:00:00 AM,40,35169
Jun,2016,FY15-16,06/01/2016 12:00:00 AM,45,30853
Jun,2016,FY15-16,06/01/2016 12:00:00 AM,531,1575
Jun,2016,FY15-16,06/01/2016 12:00:00 AM,533,3777
Jun,2016,FY15-16,06/01/2016 12:00:00 AM,535,2898
Jun,2016,FY15-16,06/01/2016 12:00:00 AM,541,1098
Jun,2016,FY15-16,06/01/2016 12:00:00 AM,61,49465
Jun,2016,FY15-16,06/01/2016 12:00:00 AM,77,3059
Jun,2016,FY15-16,06/01/2016 12:00:00 AM,96,32695
Jun,2016,FY15-16,06/01/2016 12:00:00 AM,AZ Ave Link,9078
Jun,2016,FY15-16,06/01/2016 12:00:00 AM,Buzz,6587
Jun,2016,FY15-16,06/01/2016 12:00:00 AM,Main St Link,15778
Jul,2016,FY16-17,07/01/2016 12:00:00 AM,104,14047
Jul,2016,FY16-17,07/01/2016 12:00:00 AM,108,2476
Jul,2016,FY16-17,07/01/2016 12:00:00 AM,112,34624
Jul,2016,FY16-17,07/01/2016 12:00:00 AM,120,8512
Jul,2016,FY16-17,07/01/2016 12:00:00 AM,128,6550
Jul,2016,FY16-17,07/01/2016 12:00:00 AM,136,9658
Jul,2016,FY16-17,07/01/2016 12:00:00 AM,156,1342
Jul,2016,FY16-17,07/01/2016 12:00:00 AM,184,11317
Jul,2016,FY16-17,07/01/2016 12:00:00 AM,30,24536
Jul,2016,FY16-17,07/01/2016 12:00:00 AM,40,35646
Jul,2016,FY16-17,07/01/2016 12:00:00 AM,45,28810
Jul,2016,FY16-17,07/01/2016 12:00:00 AM,531,1278
Jul,2016,FY16-17,07/01/2016 12:00:00 AM,533,3136
Jul,2016,FY16-17,07/01/2016 12:00:00 AM,535,2727
Jul,2016,FY16-17,07/01/2016 12:00:00 AM,541,993
Jul,2016,FY16-17,07/01/2016 12:00:00 AM,61,44500
Jul,2016,FY16-17,07/01/2016 12:00:00 AM,77,2635
Jul,2016,FY16-17,07/01/2016 12:00:00 AM,96,30279
Jul,2016,FY16-17,07/01/2016 12:00:00 AM,AZ Ave Link,8213
Jul,2016,FY16-17,07/01/2016 12:00:00 AM,Buzz,7009
Jul,2016,FY16-17,07/01/2016 12:00:00 AM,Main St Link,14204
Aug,2016,FY16-17,08/01/2016 12:00:00 AM,104,15222
Aug,2016,FY16-17,08/01/2016 12:00:00 AM,108,3484
Aug,2016,FY16-17,08/01/2016 12:00:00 AM,112,40936
Aug,2016,FY16-17,08/01/2016 12:00:00 AM,120,9536
Aug,2016,FY16-17,08/01/2016 12:00:00 AM,128,8120
Aug,2016,FY16-17,08/01/2016 12:00:00 AM,136,12328
Aug,2016,FY16-17,08/01/2016 12:00:00 AM,156,2036
Aug,2016,FY16-17,08/01/2016 12:00:00 AM,184,12221
Aug,2016,FY16-17,08/01/2016 12:00:00 AM,30,30670
Aug,2016,FY16-17,08/01/2016 12:00:00 AM,40,38557
Aug,2016,FY16-17,08/01/2016 12:00:00 AM,45,33438
Aug,2016,FY16-17,08/01/2016 12:00:00 AM,531,1430
Aug,2016,FY16-17,08/01/2016 12:00:00 AM,533,3638
Aug,2016,FY16-17,08/01/2016 12:00:00 AM,535,3444
Aug,2016,FY16-17,08/01/2016 12:00:00 AM,541,1197
Aug,2016,FY16-17,08/01/2016 12:00:00 AM,61,59604
Aug,2016,FY16-17,08/01/2016 12:00:00 AM,77,2456
Aug,2016,FY16-17,08/01/2016 12:00:00 AM,96,38499
Aug,2016,FY16-17,08/01/2016 12:00:00 AM,AZ Ave Link,9743
Aug,2016,FY16-17,08/01/2016 12:00:00 AM,Buzz,10841
Aug,2016,FY16-17,08/01/2016 12:00:00 AM,Main St Link,15826
Sep,2016,FY16-17,09/01/2016 12:00:00 AM,104,14358
Sep,2016,FY16-17,09/01/2016 12:00:00 AM,108,2796
Sep,2016,FY16-17,09/01/2016 12:00:00 AM,112,38049
Sep,2016,FY16-17,09/01/2016 12:00:00 AM,120,8815
Sep,2016,FY16-17,09/01/2016 12:00:00 AM,128,8069
Sep,2016,FY16-17,09/01/2016 12:00:00 AM,136,11982
Sep,2016,FY16-17,09/01/2016 12:00:00 AM,156,1747
Sep,2016,FY16-17,09/01/2016 12:00:00 AM,184,12416
Sep,2016,FY16-17,09/01/2016 12:00:00 AM,30,29286
Sep,2016,FY16-17,09/01/2016 12:00:00 AM,40,39024
Sep,2016,FY16-17,09/01/2016 12:00:00 AM,45,31327
Sep,2016,FY16-17,09/01/2016 12:00:00 AM,531,1364
Sep,2016,FY16-17,09/01/2016 12:00:00 AM,533,3225
Sep,2016,FY16-17,09/01/2016 12:00:00 AM,535,3354
Sep,2016,FY16-17,09/01/2016 12:00:00 AM,541,1152
Sep,2016,FY16-17,09/01/2016 12:00:00 AM,61,61766
Sep,2016,FY16-17,09/01/2016 12:00:00 AM,77,2492
Sep,2016,FY16-17,09/01/2016 12:00:00 AM,96,40623
Sep,2016,FY16-17,09/01/2016 12:00:00 AM,AZ Ave Link,7678
Sep,2016,FY16-17,09/01/2016 12:00:00 AM,Buzz,11947
Sep,2016,FY16-17,09/01/2016 12:00:00 AM,Main St Link,14517
Oct,2016,FY16-17,10/01/2016 12:00:00 AM,104,15068
Oct,2016,FY16-17,10/01/2016 12:00:00 AM,108,3656
Oct,2016,FY16-17,10/01/2016 12:00:00 AM,112,42928
Oct,2016,FY16-17,10/01/2016 12:00:00 AM,120,9097
Oct,2016,FY16-17,10/01/2016 12:00:00 AM,128,8522
Oct,2016,FY16-17,10/01/2016 12:00:00 AM,136,12172
Oct,2016,FY16-17,10/01/2016 12:00:00 AM,156,1513
Oct,2016,FY16-17,10/01/2016 12:00:00 AM,184,11771
Oct,2016,FY16-17,10/01/2016 12:00:00 AM,30,30405
Oct,2016,FY16-17,10/01/2016 12:00:00 AM,40,45779
Oct,2016,FY16-17,10/01/2016 12:00:00 AM,45,31705
Oct,2016,FY16-17,10/01/2016 12:00:00 AM,531,1356
Oct,2016,FY16-17,10/01/2016 12:00:00 AM,533,3253
Oct,2016,FY16-17,10/01/2016 12:00:00 AM,535,3145
Oct,2016,FY16-17,10/01/2016 12:00:00 AM,541,1022
Oct,2016,FY16-17,10/01/2016 12:00:00 AM,61,63822
Oct,2016,FY16-17,10/01/2016 12:00:00 AM,77,2055
Oct,2016,FY16-17,10/01/2016 12:00:00 AM,96,40171
Oct,2016,FY16-17,10/01/2016 12:00:00 AM,AZ Ave Link,5849
Oct,2016,FY16-17,10/01/2016 12:00:00 AM,Buzz,11102
Oct,2016,FY16-17,10/01/2016 12:00:00 AM,Main St Link,12041
Nov,2016,FY16-17,11/01/2016 12:00:00 AM,104,14719
Nov,2016,FY16-17,11/01/2016 12:00:00 AM,108,3449
Nov,2016,FY16-17,11/01/2016 12:00:00 AM,112,49099
Nov,2016,FY16-17,11/01/2016 12:00:00 AM,120,8211
Nov,2016,FY16-17,11/01/2016 12:00:00 AM,128,7445
Nov,2016,FY16-17,11/01/2016 12:00:00 AM,136,11450
Nov,2016,FY16-17,11/01/2016 12:00:00 AM,156,1392
Nov,2016,FY16-17,11/01/2016 12:00:00 AM,184,10187
Nov,2016,FY16-17,11/01/2016 12:00:00 AM,30,28272
Nov,2016,FY16-17,11/01/2016 12:00:00 AM,40,56139
Nov,2016,FY16-17,11/01/2016 12:00:00 AM,45,28897
Nov,2016,FY16-17,11/01/2016 12:00:00 AM,531,1263
Nov,2016,FY16-17,11/01/2016 12:00:00 AM,533,3506
Nov,2016,FY16-17,11/01/2016 12:00:00 AM,535,2937
Nov,2016,FY16-17,11/01/2016 12:00:00 AM,541,885
Nov,2016,FY16-17,11/01/2016 12:00:00 AM,61,58969
Nov,2016,FY16-17,11/01/2016 12:00:00 AM,77,1937
Nov,2016,FY16-17,11/01/2016 12:00:00 AM,96,38177
Nov,2016,FY16-17,11/01/2016 12:00:00 AM,Buzz,11234
Dec,2016,FY16-17,12/01/2016 12:00:00 AM,104,14147
Dec,2016,FY16-17,12/01/2016 12:00:00 AM,108,3595
Dec,2016,FY16-17,12/01/2016 12:00:00 AM,112,47547
Dec,2016,FY16-17,12/01/2016 12:00:00 AM,120,8722
Dec,2016,FY16-17,12/01/2016 12:00:00 AM,128,7183
Dec,2016,FY16-17,12/01/2016 12:00:00 AM,136,11131
Dec,2016,FY16-17,12/01/2016 12:00:00 AM,156,1250
Dec,2016,FY16-17,12/01/2016 12:00:00 AM,184,10468
Dec,2016,FY16-17,12/01/2016 12:00:00 AM,30,28010
Dec,2016,FY16-17,12/01/2016 12:00:00 AM,40,55929
Dec,2016,FY16-17,12/01/2016 12:00:00 AM,45,29993
Dec,2016,FY16-17,12/01/2016 12:00:00 AM,531,1117
Dec,2016,FY16-17,12/01/2016 12:00:00 AM,533,3853
Dec,2016,FY16-17,12/01/2016 12:00:00 AM,535,2599
Dec,2016,FY16-17,12/01/2016 12:00:00 AM,541,837
Dec,2016,FY16-17,12/01/2016 12:00:00 AM,61,55397
Dec,2016,FY16-17,12/01/2016 12:00:00 AM,77,1991
Dec,2016,FY16-17,12/01/2016 12:00:00 AM,96,36313
Dec,2016,FY16-17,12/01/2016 12:00:00 AM,Buzz,10906
Jan,2017,FY16-17,01/01/2017 12:00:00 AM,104,13721
Jan,2017,FY16-17,01/01/2017 12:00:00 AM,108,3122
Jan,2017,FY16-17,01/01/2017 12:00:00 AM,112,50739
Jan,2017,FY16-17,01/01/2017 12:00:00 AM,120,8515
Jan,2017,FY16-17,01/01/2017 12:00:00 AM,128,7418
Jan,2017,FY16-17,01/01/2017 12:00:00 AM,136,10448
Jan,2017,FY16-17,01/01/2017 12:00:00 AM,156,1518
Jan,2017,FY16-17,01/01/2017 12:00:00 AM,184,10879
Jan,2017,FY16-17,01/01/2017 12:00:00 AM,30,27079
Jan,2017,FY16-17,01/01/2017 12:00:00 AM,40,56537
Jan,2017,FY16-17,01/01/2017 12:00:00 AM,45,27797
Jan,2017,FY16-17,01/01/2017 12:00:00 AM,531,1310
Jan,2017,FY16-17,01/01/2017 12:00:00 AM,533,4071
Jan,2017,FY16-17,01/01/2017 12:00:00 AM,535,3335
Jan,2017,FY16-17,01/01/2017 12:00:00 AM,541,927
Jan,2017,FY16-17,01/01/2017 12:00:00 AM,61,60014
Jan,2017,FY16-17,01/01/2017 12:00:00 AM,77,2051
Jan,2017,FY16-17,01/01/2017 12:00:00 AM,96,35164
Jan,2017,FY16-17,01/01/2017 12:00:00 AM,Buzz,10758
Feb,2017,FY16-17,02/01/2017 12:00:00 AM,104,13458
Feb,2017,FY16-17,02/01/2017 12:00:00 AM,108,3179
Feb,2017,FY16-17,02/01/2017 12:00:00 AM,112,49040
Feb,2017,FY16-17,02/01/2017 12:00:00 AM,120,8267
Feb,2017,FY16-17,02/01/2017 12:00:00 AM,128,7045
Feb,2017,FY16-17,02/01/2017 12:00:00 AM,136,11010
Feb,2017,FY16-17,02/01/2017 12:00:00 AM,156,1395
Feb,2017,FY16-17,02/01/2017 12:00:00 AM,184,10287
Feb,2017,FY16-17,02/01/2017 12:00:00 AM,30,25924
Feb,2017,FY16-17,02/01/2017 12:00:00 AM,40,55373
Feb,2017,FY16-17,02/01/2017 12:00:00 AM,45,27889
Feb,2017,FY16-17,02/01/2017 12:00:00 AM,531,1254
Feb,2017,FY16-17,02/01/2017 12:00:00 AM,533,3757
Feb,2017,FY16-17,02/01/2017 12:00:00 AM,535,3122
Feb,2017,FY16-17,02/01/2017 12:00:00 AM,541,962
Feb,2017,FY16-17,02/01/2017 12:00:00 AM,61,60669
Feb,2017,FY16-17,02/01/2017 12:00:00 AM,77,2623
Feb,2017,FY16-17,02/01/2017 12:00:00 AM,96,36460
Feb,2017,FY16-17,02/01/2017 12:00:00 AM,Buzz,10287
Mar,2017,FY16-17,03/01/2017 12:00:00 AM,104,15419
Mar,2017,FY16-17,03/01/2017 12:00:00 AM,108,3410
Mar,2017,FY16-17,03/01/2017 12:00:00 AM,112,52828
Mar,2017,FY16-17,03/01/2017 12:00:00 AM,120,10157
Mar,2017,FY16-17,03/01/2017 12:00:00 AM,128,8451
Mar,2017,FY16-17,03/01/2017 12:00:00 AM,136,12585
Mar,2017,FY16-17,03/01/2017 12:00:00 AM,156,1765
Mar,2017,FY16-17,03/01/2017 12:00:00 AM,184,11919
Mar,2017,FY16-17,03/01/2017 12:00:00 AM,30,31256
Mar,2017,FY16-17,03/01/2017 12:00:00 AM,40,57779
Mar,2017,FY16-17,03/01/2017 12:00:00 AM,45,31599
Mar,2017,FY16-17,03/01/2017 12:00:00 AM,531,1305
Mar,2017,FY16-17,03/01/2017 12:00:00 AM,533,4608
Mar,2017,FY16-17,03/01/2017 12:00:00 AM,535,3665
Mar,2017,FY16-17,03/01/2017 12:00:00 AM,541,1136
Mar,2017,FY16-17,03/01/2017 12:00:00 AM,61,63286
Mar,2017,FY16-17,03/01/2017 12:00:00 AM,77,2811
Mar,2017,FY16-17,03/01/2017 12:00:00 AM,96,38539
Mar,2017,FY16-17,03/01/2017 12:00:00 AM,Buzz,11288
Apr,2017,FY16-17,04/01/2017 12:00:00 AM,104,12924
Apr,2017,FY16-17,04/01/2017 12:00:00 AM,108,3302
Apr,2017,FY16-17,04/01/2017 12:00:00 AM,112,49488
Apr,2017,FY16-17,04/01/2017 12:00:00 AM,120,8108
Apr,2017,FY16-17,04/01/2017 12:00:00 AM,128,7308
Apr,2017,FY16-17,04/01/2017 12:00:00 AM,136,11108
Apr,2017,FY16-17,04/01/2017 12:00:00 AM,156,1470
Apr,2017,FY16-17,04/01/2017 12:00:00 AM,184,10496
Apr,2017,FY16-17,04/01/2017 12:00:00 AM,30,27400
Apr,2017,FY16-17,04/01/2017 12:00:00 AM,40,52478
Apr,2017,FY16-17,04/01/2017 12:00:00 AM,45,29114
Apr,2017,FY16-17,04/01/2017 12:00:00 AM,531,1241
Apr,2017,FY16-17,04/01/2017 12:00:00 AM,533,3846
Apr,2017,FY16-17,04/01/2017 12:00:00 AM,535,3161
Apr,2017,FY16-17,04/01/2017 12:00:00 AM,541,1048
Apr,2017,FY16-17,04/01/2017 12:00:00 AM,61,59466
Apr,2017,FY16-17,04/01/2017 12:00:00 AM,77,2020
Apr,2017,FY16-17,04/01/2017 12:00:00 AM,96,33864
Apr,2017,FY16-17,04/01/2017 12:00:00 AM,Buzz,10477
May,2017,FY16-17,05/01/2017 12:00:00 AM,104,13113
May,2017,FY16-17,05/01/2017 12:00:00 AM,108,2966
May,2017,FY16-17,05/01/2017 12:00:00 AM,112,52812
May,2017,FY16-17,05/01/2017 12:00:00 AM,120,8173
May,2017,FY16-17,05/01/2017 12:00:00 AM,128,6897
May,2017,FY16-17,05/01/2017 12:00:00 AM,136,10354
May,2017,FY16-17,05/01/2017 12:00:00 AM,156,1294
May,2017,FY16-17,05/01/2017 12:00:00 AM,184,10474
May,2017,FY16-17,05/01/2017 12:00:00 AM,30,27631
May,2017,FY16-17,05/01/2017 12:00:00 AM,40,53816
May,2017,FY16-17,05/01/2017 12:00:00 AM,45,27949
May,2017,FY16-17,05/01/2017 12:00:00 AM,531,1348
May,2017,FY16-17,05/01/2017 12:00:00 AM,533,3989
May,2017,FY16-17,05/01/2017 12:00:00 AM,535,3220
May,2017,FY16-17,05/01/2017 12:00:00 AM,541,1019
May,2017,FY16-17,05/01/2017 12:00:00 AM,61,54907
May,2017,FY16-17,05/01/2017 12:00:00 AM,77,1941
May,2017,FY16-17,05/01/2017 12:00:00 AM,96,33204
May,2017,FY16-17,05/01/2017 12:00:00 AM,Buzz,10851
Jun,2017,FY16-17,06/01/2017 12:00:00 AM,104,11254
Jun,2017,FY16-17,06/01/2017 12:00:00 AM,108,2857
Jun,2017,FY16-17,06/01/2017 12:00:00 AM,112,49743
Jun,2017,FY16-17,06/01/2017 12:00:00 AM,120,8056
Jun,2017,FY16-17,06/01/2017 12:00:00 AM,128,5931
Jun,2017,FY16-17,06/01/2017 12:00:00 AM,136,8867
Jun,2017,FY16-17,06/01/2017 12:00:00 AM,156,1111
Jun,2017,FY16-17,06/01/2017 12:00:00 AM,184,8424
Jun,2017,FY16-17,06/01/2017 12:00:00 AM,30,24201
Jun,2017,FY16-17,06/01/2017 12:00:00 AM,40,48379
Jun,2017,FY16-17,06/01/2017 12:00:00 AM,45,25184
Jun,2017,FY16-17,06/01/2017 12:00:00 AM,531,1219
Jun,2017,FY16-17,06/01/2017 12:00:00 AM,533,3930
Jun,2017,FY16-17,06/01/2017 12:00:00 AM,535,3313
Jun,2017,FY16-17,06/01/2017 12:00:00 AM,541,928
Jun,2017,FY16-17,06/01/2017 12:00:00 AM,61,48404
Jun,2017,FY16-17,06/01/2017 12:00:00 AM,77,1769
Jun,2017,FY16-17,06/01/2017 12:00:00 AM,96,28636
Jun,2017,FY16-17,06/01/2017 12:00:00 AM,Buzz,7648
Jul,2017,FY17-18,07/01/2017 12:00:00 AM,104,10262
Jul,2017,FY17-18,07/01/2017 12:00:00 AM,108,3036
Jul,2017,FY17-18,07/01/2017 12:00:00 AM,112,48378
Jul,2017,FY17-18,07/01/2017 12:00:00 AM,120,7988
Jul,2017,FY17-18,07/01/2017 12:00:00 AM,128,5428
Jul,2017,FY17-18,07/01/2017 12:00:00 AM,136,7768
Jul,2017,FY17-18,07/01/2017 12:00:00 AM,156,1252
Jul,2017,FY17-18,07/01/2017 12:00:00 AM,184,8886
Jul,2017,FY17-18,07/01/2017 12:00:00 AM,30,22333
Jul,2017,FY17-18,07/01/2017 12:00:00 AM,40,46554
Jul,2017,FY17-18,07/01/2017 12:00:00 AM,45,23461
Jul,2017,FY17-18,07/01/2017 12:00:00 AM,531,1164
Jul,2017,FY17-18,07/01/2017 12:00:00 AM,533,3400
Jul,2017,FY17-18,07/01/2017 12:00:00 AM,535,2971
Jul,2017,FY17-18,07/01/2017 12:00:00 AM,541,909
Jul,2017,FY17-18,07/01/2017 12:00:00 AM,61,43674
Jul,2017,FY17-18,07/01/2017 12:00:00 AM,77,1785
Jul,2017,FY17-18,07/01/2017 12:00:00 AM,96,29048
Jul,2017,FY17-18,07/01/2017 12:00:00 AM,Buzz,7236
Aug,2017,FY17-18,08/01/2017 12:00:00 AM,104,14532
Aug,2017,FY17-18,08/01/2017 12:00:00 AM,108,3854
Aug,2017,FY17-18,08/01/2017 12:00:00 AM,112,54855
Aug,2017,FY17-18,08/01/2017 12:00:00 AM,120,10040
Aug,2017,FY17-18,08/01/2017 12:00:00 AM,128,7078
Aug,2017,FY17-18,08/01/2017 12:00:00 AM,136,11348
Aug,2017,FY17-18,08/01/2017 12:00:00 AM,156,2641
Aug,2017,FY17-18,08/01/2017 12:00:00 AM,184,12145
Aug,2017,FY17-18,08/01/2017 12:00:00 AM,30,30416
Aug,2017,FY17-18,08/01/2017 12:00:00 AM,40,52893
Aug,2017,FY17-18,08/01/2017 12:00:00 AM,45,29991
Aug,2017,FY17-18,08/01/2017 12:00:00 AM,531,1393
Aug,2017,FY17-18,08/01/2017 12:00:00 AM,533,4296
Aug,2017,FY17-18,08/01/2017 12:00:00 AM,535,3775
Aug,2017,FY17-18,08/01/2017 12:00:00 AM,541,1047
Aug,2017,FY17-18,08/01/2017 12:00:00 AM,61,61337
Aug,2017,FY17-18,08/01/2017 12:00:00 AM,77,2492
Aug,2017,FY17-18,08/01/2017 12:00:00 AM,96,36000
Aug,2017,FY17-18,08/01/2017 12:00:00 AM,Buzz,11676
Sep,2017,FY17-18,09/01/2017 12:00:00 AM,104,14824
Sep,2017,FY17-18,09/01/2017 12:00:00 AM,108,3163
Sep,2017,FY17-18,09/01/2017 12:00:00 AM,112,53969
Sep,2017,FY17-18,09/01/2017 12:00:00 AM,120,8588
Sep,2017,FY17-18,09/01/2017 12:00:00 AM,128,7319
Sep,2017,FY17-18,09/01/2017 12:00:00 AM,136,10979
Sep,2017,FY17-18,09/01/2017 12:00:00 AM,156,2023
Sep,2017,FY17-18,09/01/2017 12:00:00 AM,184,11610
Sep,2017,FY17-18,09/01/2017 12:00:00 AM,30,29173
Sep,2017,FY17-18,09/01/2017 12:00:00 AM,40,51750
Sep,2017,FY17-18,09/01/2017 12:00:00 AM,45,29890
Sep,2017,FY17-18,09/01/2017 12:00:00 AM,531,1291
Sep,2017,FY17-18,09/01/2017 12:00:00 AM,533,3608
Sep,2017,FY17-18,09/01/2017 12:00:00 AM,535,3244
Sep,2017,FY17-18,09/01/2017 12:00:00 AM,541,930
Sep,2017,FY17-18,09/01/2017 12:00:00 AM,61,64897
Sep,2017,FY17-18,09/01/2017 12:00:00 AM,77,2325
Sep,2017,FY17-18,09/01/2017 12:00:00 AM,96,38173
Sep,2017,FY17-18,09/01/2017 12:00:00 AM,Buzz,11843
Oct,2017,FY17-18,10/01/2017 12:00:00 AM,104,15544
Oct,2017,FY17-18,10/01/2017 12:00:00 AM,108,3725
Oct,2017,FY17-18,10/01/2017 12:00:00 AM,112,57096
Oct,2017,FY17-18,10/01/2017 12:00:00 AM,120,8804
Oct,2017,FY17-18,10/01/2017 12:00:00 AM,128,7737
Oct,2017,FY17-18,10/01/2017 12:00:00 AM,136,12109
Oct,2017,FY17-18,10/01/2017 12:00:00 AM,156,2525
Oct,2017,FY17-18,10/01/2017 12:00:00 AM,184,13069
Oct,2017,FY17-18,10/01/2017 12:00:00 AM,30,31656
Oct,2017,FY17-18,10/01/2017 12:00:00 AM,40,54330
Oct,2017,FY17-18,10/01/2017 12:00:00 AM,45,30471
Oct,2017,FY17-18,10/01/2017 12:00:00 AM,531,1218
Oct,2017,FY17-18,10/01/2017 12:00:00 AM,533,3763
Oct,2017,FY17-18,10/01/2017 12:00:00 AM,535,3604
Oct,2017,FY17-18,10/01/2017 12:00:00 AM,541,991
Oct,2017,FY17-18,10/01/2017 12:00:00 AM,61,66124
Oct,2017,FY17-18,10/01/2017 12:00:00 AM,77,1829
Oct,2017,FY17-18,10/01/2017 12:00:00 AM,96,38921
Oct,2017,FY17-18,10/01/2017 12:00:00 AM,Buzz,12502
Nov,2017,FY17-18,11/01/2017 12:00:00 AM,104,13901
Nov,2017,FY17-18,11/01/2017 12:00:00 AM,108,3382
Nov,2017,FY17-18,11/01/2017 12:00:00 AM,112,54258
Nov,2017,FY17-18,11/01/2017 12:00:00 AM,120,7194
Nov,2017,FY17-18,11/01/2017 12:00:00 AM,128,6883
Nov,2017,FY17-18,11/01/2017 12:00:00 AM,136,12545
Nov,2017,FY17-18,11/01/2017 12:00:00 AM,156,2708
Nov,2017,FY17-18,11/01/2017 12:00:00 AM,184,10172
Nov,2017,FY17-18,11/01/2017 12:00:00 AM,30,27779
Nov,2017,FY17-18,11/01/2017 12:00:00 AM,40,52133
Nov,2017,FY17-18,11/01/2017 12:00:00 AM,45,27957
Nov,2017,FY17-18,11/01/2017 12:00:00 AM,531,1377
Nov,2017,FY17-18,11/01/2017 12:00:00 AM,533,3512
Nov,2017,FY17-18,11/01/2017 12:00:00 AM,535,2918
Nov,2017,FY17-18,11/01/2017 12:00:00 AM,541,806
Nov,2017,FY17-18,11/01/2017 12:00:00 AM,61,61098
Nov,2017,FY17-18,11/01/2017 12:00:00 AM,77,1856
Nov,2017,FY17-18,11/01/2017 12:00:00 AM,96,38496
Nov,2017,FY17-18,11/01/2017 12:00:00 AM,Buzz,10984
Dec,2017,FY17-18,12/01/2017 12:00:00 AM,104,13903
Dec,2017,FY17-18,12/01/2017 12:00:00 AM,108,3542
Dec,2017,FY17-18,12/01/2017 12:00:00 AM,112,53602
Dec,2017,FY17-18,12/01/2017 12:00:00 AM,120,6801
Dec,2017,FY17-18,12/01/2017 12:00:00 AM,128,7008
Dec,2017,FY17-18,12/01/2017 12:00:00 AM,136,11261
Dec,2017,FY17-18,12/01/2017 12:00:00 AM,156,2064
Dec,2017,FY17-18,12/01/2017 12:00:00 AM,184,9204
Dec,2017,FY17-18,12/01/2017 12:00:00 AM,30,25489
Dec,2017,FY17-18,12/01/2017 12:00:00 AM,40,51883
Dec,2017,FY17-18,12/01/2017 12:00:00 AM,45,26416
Dec,2017,FY17-18,12/01/2017 12:00:00 AM,531,1038
Dec,2017,FY17-18,12/01/2017 12:00:00 AM,533,3164
Dec,2017,FY17-18,12/01/2017 12:00:00 AM,535,2588
Dec,2017,FY17-18,12/01/2017 12:00:00 AM,541,863
Dec,2017,FY17-18,12/01/2017 12:00:00 AM,61,57102
Dec,2017,FY17-18,12/01/2017 12:00:00 AM,77,1875
Dec,2017,FY17-18,12/01/2017 12:00:00 AM,96,36074
Dec,2017,FY17-18,12/01/2017 12:00:00 AM,Buzz,10995
Jan,2018,FY17-18,01/01/2018 12:00:00 AM,104,14519
Jan,2018,FY17-18,01/01/2018 12:00:00 AM,108,2837
Jan,2018,FY17-18,01/01/2018 12:00:00 AM,112,56660
Jan,2018,FY17-18,01/01/2018 12:00:00 AM,120,8096
Jan,2018,FY17-18,01/01/2018 12:00:00 AM,128,6525
Jan,2018,FY17-18,01/01/2018 12:00:00 AM,136,13478
Jan,2018,FY17-18,01/01/2018 12:00:00 AM,156,1754
Jan,2018,FY17-18,01/01/2018 12:00:00 AM,184,10384
Jan,2018,FY17-18,01/01/2018 12:00:00 AM,30,26189
Jan,2018,FY17-18,01/01/2018 12:00:00 AM,40,54186
Jan,2018,FY17-18,01/01/2018 12:00:00 AM,45,27421
Jan,2018,FY17-18,01/01/2018 12:00:00 AM,531,978
Jan,2018,FY17-18,01/01/2018 12:00:00 AM,533,4380
Jan,2018,FY17-18,01/01/2018 12:00:00 AM,535,3898
Jan,2018,FY17-18,01/01/2018 12:00:00 AM,541,936
Jan,2018,FY17-18,01/01/2018 12:00:00 AM,61,60070
Jan,2018,FY17-18,01/01/2018 12:00:00 AM,77,1994
Jan,2018,FY17-18,01/01/2018 12:00:00 AM,96,36994
Jan,2018,FY17-18,01/01/2018 12:00:00 AM,Buzz,10935
Feb,2018,FY17-18,02/01/2018 12:00:00 AM,30,25231
Feb,2018,FY17-18,02/01/2018 12:00:00 AM,40,48536
Feb,2018,FY17-18,02/01/2018 12:00:00 AM,45,25555
Feb,2018,FY17-18,02/01/2018 12:00:00 AM,61,54564
Feb,2018,FY17-18,02/01/2018 12:00:00 AM,77,2058
Feb,2018,FY17-18,02/01/2018 12:00:00 AM,96,34862
Feb,2018,FY17-18,02/01/2018 12:00:00 AM,104,13471
Feb,2018,FY17-18,02/01/2018 12:00:00 AM,108,2560
Feb,2018,FY17-18,02/01/2018 12:00:00 AM,112,52248
Feb,2018,FY17-18,02/01/2018 12:00:00 AM,120,7514
Feb,2018,FY17-18,02/01/2018 12:00:00 AM,128,6513
Feb,2018,FY17-18,02/01/2018 12:00:00 AM,136,10903
Feb,2018,FY17-18,02/01/2018 12:00:00 AM,156,1969
Feb,2018,FY17-18,02/01/2018 12:00:00 AM,184,9130
Feb,2018,FY17-18,02/01/2018 12:00:00 AM,531,1132
Feb,2018,FY17-18,02/01/2018 12:00:00 AM,533,4246
Feb,2018,FY17-18,02/01/2018 12:00:00 AM,535,3682
Feb,2018,FY17-18,02/01/2018 12:00:00 AM,541,1127
Feb,2018,FY17-18,02/01/2018 12:00:00 AM,Buzz,11532
Mar,2018,FY17-18,03/01/2018 12:00:00 AM,104,13934
Mar,2018,FY17-18,03/01/2018 12:00:00 AM,108,2617
Mar,2018,FY17-18,03/01/2018 12:00:00 AM,112,55490
Mar,2018,FY17-18,03/01/2018 12:00:00 AM,120,7875
Mar,2018,FY17-18,03/01/2018 12:00:00 AM,128,7102
Mar,2018,FY17-18,03/01/2018 12:00:00 AM,136,12006
Mar,2018,FY17-18,03/01/2018 12:00:00 AM,156,1559
Mar,2018,FY17-18,03/01/2018 12:00:00 AM,184,10053
Mar,2018,FY17-18,03/01/2018 12:00:00 AM,30,28685
Mar,2018,FY17-18,03/01/2018 12:00:00 AM,40,55584
Mar,2018,FY17-18,03/01/2018 12:00:00 AM,45,29350
Mar,2018,FY17-18,03/01/2018 12:00:00 AM,531,1351
Mar,2018,FY17-18,03/01/2018 12:00:00 AM,533,4539
Mar,2018,FY17-18,03/01/2018 12:00:00 AM,535,4533
Mar,2018,FY17-18,03/01/2018 12:00:00 AM,541,1321
Mar,2018,FY17-18,03/01/2018 12:00:00 AM,61,56743
Mar,2018,FY17-18,03/01/2018 12:00:00 AM,77,2217
Mar,2018,FY17-18,03/01/2018 12:00:00 AM,96,36714
Mar,2018,FY17-18,03/01/2018 12:00:00 AM,Buzz,12825
Apr,2018,FY17-18,04/01/2018 12:00:00 AM,104,13509
Apr,2018,FY17-18,04/01/2018 12:00:00 AM,108,2661
Apr,2018,FY17-18,04/01/2018 12:00:00 AM,112,51412
Apr,2018,FY17-18,04/01/2018 12:00:00 AM,120,6382
Apr,2018,FY17-18,04/01/2018 12:00:00 AM,128,6120
Apr,2018,FY17-18,04/01/2018 12:00:00 AM,136,11483
Apr,2018,FY17-18,04/01/2018 12:00:00 AM,156,1687
Apr,2018,FY17-18,04/01/2018 12:00:00 AM,184,9998
Apr,2018,FY17-18,04/01/2018 12:00:00 AM,30,26609
Apr,2018,FY17-18,04/01/2018 12:00:00 AM,40,49587
Apr,2018,FY17-18,04/01/2018 12:00:00 AM,45,26808
Apr,2018,FY17-18,04/01/2018 12:00:00 AM,531,1398
Apr,2018,FY17-18,04/01/2018 12:00:00 AM,533,4586
Apr,2018,FY17-18,04/01/2018 12:00:00 AM,535,4495
Apr,2018,FY17-18,04/01/2018 12:00:00 AM,541,1253
Apr,2018,FY17-18,04/01/2018 12:00:00 AM,61,55731
Apr,2018,FY17-18,04/01/2018 12:00:00 AM,77,1957
Apr,2018,FY17-18,04/01/2018 12:00:00 AM,96,35564
Apr,2018,FY17-18,04/01/2018 12:00:00 AM,Buzz,10978
May,2018,FY17-18,05/01/2018 12:00:00 AM,104,13356
May,2018,FY17-18,05/01/2018 12:00:00 AM,108,2561
May,2018,FY17-18,05/01/2018 12:00:00 AM,112,51809
May,2018,FY17-18,05/01/2018 12:00:00 AM,120,7703
May,2018,FY17-18,05/01/2018 12:00:00 AM,128,6213
May,2018,FY17-18,05/01/2018 12:00:00 AM,136,10777
May,2018,FY17-18,05/01/2018 12:00:00 AM,156,1217
May,2018,FY17-18,05/01/2018 12:00:00 AM,184,9508
May,2018,FY17-18,05/01/2018 12:00:00 AM,30,26286
May,2018,FY17-18,05/01/2018 12:00:00 AM,40,48921
May,2018,FY17-18,05/01/2018 12:00:00 AM,45,28663
May,2018,FY17-18,05/01/2018 12:00:00 AM,531,1390
May,2018,FY17-18,05/01/2018 12:00:00 AM,533,4994
May,2018,FY17-18,05/01/2018 12:00:00 AM,535,4061
May,2018,FY17-18,05/01/2018 12:00:00 AM,541,1240
May,2018,FY17-18,05/01/2018 12:00:00 AM,61,52824
May,2018,FY17-18,05/01/2018 12:00:00 AM,77,1727
May,2018,FY17-18,05/01/2018 12:00:00 AM,96,35129
May,2018,FY17-18,05/01/2018 12:00:00 AM,Buzz,8820
Jun,2018,FY17-18,06/01/2018 12:00:00 AM,104,12799
Jun,2018,FY17-18,06/01/2018 12:00:00 AM,108,1928
Jun,2018,FY17-18,06/01/2018 12:00:00 AM,112,49103
Jun,2018,FY17-18,06/01/2018 12:00:00 AM,120,7177
Jun,2018,FY17-18,06/01/2018 12:00:00 AM,128,5669
Jun,2018,FY17-18,06/01/2018 12:00:00 AM,136,10091
Jun,2018,FY17-18,06/01/2018 12:00:00 AM,156,813
Jun,2018,FY17-18,06/01/2018 12:00:00 AM,184,8225
Jun,2018,FY17-18,06/01/2018 12:00:00 AM,30,23831
Jun,2018,FY17-18,06/01/2018 12:00:00 AM,40,45470
Jun,2018,FY17-18,06/01/2018 12:00:00 AM,45,25387
Jun,2018,FY17-18,06/01/2018 12:00:00 AM,531,1203
Jun,2018,FY17-18,06/01/2018 12:00:00 AM,533,4050
Jun,2018,FY17-18,06/01/2018 12:00:00 AM,535,3556
Jun,2018,FY17-18,06/01/2018 12:00:00 AM,541,1202
Jun,2018,FY17-18,06/01/2018 12:00:00 AM,61,46319
Jun,2018,FY17-18,06/01/2018 12:00:00 AM,77,1872
Jun,2018,FY17-18,06/01/2018 12:00:00 AM,96,31803
Jun,2018,FY17-18,06/01/2018 12:00:00 AM,Buzz,6418
Jul,2018,FY18-19,07/01/2018 12:00:00 AM,104,10994
Jul,2018,FY18-19,07/01/2018 12:00:00 AM,108,1738
Jul,2018,FY18-19,07/01/2018 12:00:00 AM,112,46214
Jul,2018,FY18-19,07/01/2018 12:00:00 AM,120,7352
Jul,2018,FY18-19,07/01/2018 12:00:00 AM,128,5538
Jul,2018,FY18-19,07/01/2018 12:00:00 AM,136,12605
Jul,2018,FY18-19,07/01/2018 12:00:00 AM,156,658
Jul,2018,FY18-19,07/01/2018 12:00:00 AM,184,7601
Jul,2018,FY18-19,07/01/2018 12:00:00 AM,30,21575
Jul,2018,FY18-19,07/01/2018 12:00:00 AM,40,45163
Jul,2018,FY18-19,07/01/2018 12:00:00 AM,45,23798
Jul,2018,FY18-19,07/01/2018 12:00:00 AM,531,1154
Jul,2018,FY18-19,07/01/2018 12:00:00 AM,533,3942
Jul,2018,FY18-19,07/01/2018 12:00:00 AM,535,3396
Jul,2018,FY18-19,07/01/2018 12:00:00 AM,541,1172
Jul,2018,FY18-19,07/01/2018 12:00:00 AM,61,42702
Jul,2018,FY18-19,07/01/2018 12:00:00 AM,77,1542
Jul,2018,FY18-19,07/01/2018 12:00:00 AM,96,30722
Jul,2018,FY18-19,07/01/2018 12:00:00 AM,AZ Ave Link,0
Jul,2018,FY18-19,07/01/2018 12:00:00 AM,Buzz,6354
Jul,2018,FY18-19,07/01/2018 12:00:00 AM,Main St Link,0
Aug,2018,FY18-19,08/01/2018 12:00:00 AM,AZ Ave Link,0
Aug,2018,FY18-19,08/01/2018 12:00:00 AM,Main St Link,0
Aug,2018,FY18-19,08/01/2018 12:00:00 AM,104,14569
Aug,2018,FY18-19,08/01/2018 12:00:00 AM,108,1900
Aug,2018,FY18-19,08/01/2018 12:00:00 AM,112,55679
Aug,2018,FY18-19,08/01/2018 12:00:00 AM,120,8323
Aug,2018,FY18-19,08/01/2018 12:00:00 AM,128,7295
Aug,2018,FY18-19,08/01/2018 12:00:00 AM,136,14494
Aug,2018,FY18-19,08/01/2018 12:00:00 AM,156,1020
Aug,2018,FY18-19,08/01/2018 12:00:00 AM,184,8316
Aug,2018,FY18-19,08/01/2018 12:00:00 AM,30,26763
Aug,2018,FY18-19,08/01/2018 12:00:00 AM,40,49173
Aug,2018,FY18-19,08/01/2018 12:00:00 AM,45,29502
Aug,2018,FY18-19,08/01/2018 12:00:00 AM,531,1426
Aug,2018,FY18-19,08/01/2018 12:00:00 AM,533,4670
Aug,2018,FY18-19,08/01/2018 12:00:00 AM,535,3767
Aug,2018,FY18-19,08/01/2018 12:00:00 AM,541,1375
Aug,2018,FY18-19,08/01/2018 12:00:00 AM,61,51845
Aug,2018,FY18-19,08/01/2018 12:00:00 AM,77,2469
Aug,2018,FY18-19,08/01/2018 12:00:00 AM,96,36949
Aug,2018,FY18-19,08/01/2018 12:00:00 AM,Buzz,9148
Sep,2018,FY18-19,09/01/2018 12:00:00 AM,45,26603
Sep,2018,FY18-19,09/01/2018 12:00:00 AM,531,1065
Sep,2018,FY18-19,09/01/2018 12:00:00 AM,533,3849
Sep,2018,FY18-19,09/01/2018 12:00:00 AM,535,3404
Sep,2018,FY18-19,09/01/2018 12:00:00 AM,541,1132
Sep,2018,FY18-19,09/01/2018 12:00:00 AM,61,47088
Sep,2018,FY18-19,09/01/2018 12:00:00 AM,77,2331
Sep,2018,FY18-19,09/01/2018 12:00:00 AM,96,34506
Sep,2018,FY18-19,09/01/2018 12:00:00 AM,Buzz,8821
Sep,2018,FY18-19,09/01/2018 12:00:00 AM,104,14109
Sep,2018,FY18-19,09/01/2018 12:00:00 AM,108,1785
Sep,2018,FY18-19,09/01/2018 12:00:00 AM,112,53370
Sep,2018,FY18-19,09/01/2018 12:00:00 AM,120,7409
Sep,2018,FY18-19,09/01/2018 12:00:00 AM,128,6157
Sep,2018,FY18-19,09/01/2018 12:00:00 AM,136,13864
Sep,2018,FY18-19,09/01/2018 12:00:00 AM,156,1028
Sep,2018,FY18-19,09/01/2018 12:00:00 AM,184,8429
Sep,2018,FY18-19,09/01/2018 12:00:00 AM,30,24123
Sep,2018,FY18-19,09/01/2018 12:00:00 AM,40,46628
Oct,2018,FY18-19,10/01/2018 12:00:00 AM,104,16242
Oct,2018,FY18-19,10/01/2018 12:00:00 AM,108,1922
Oct,2018,FY18-19,10/01/2018 12:00:00 AM,112,60931
Oct,2018,FY18-19,10/01/2018 12:00:00 AM,120,8143
Oct,2018,FY18-19,10/01/2018 12:00:00 AM,128,8214
Oct,2018,FY18-19,10/01/2018 12:00:00 AM,136,13067
Oct,2018,FY18-19,10/01/2018 12:00:00 AM,156,1233
Oct,2018,FY18-19,10/01/2018 12:00:00 AM,184,10070
Oct,2018,FY18-19,10/01/2018 12:00:00 AM,30,27673
Oct,2018,FY18-19,10/01/2018 12:00:00 AM,40,45477
Oct,2018,FY18-19,10/01/2018 12:00:00 AM,45,30335
Oct,2018,FY18-19,10/01/2018 12:00:00 AM,531,1338
Oct,2018,FY18-19,10/01/2018 12:00:00 AM,533,4629
Oct,2018,FY18-19,10/01/2018 12:00:00 AM,535,3926
Oct,2018,FY18-19,10/01/2018 12:00:00 AM,541,1328
Oct,2018,FY18-19,10/01/2018 12:00:00 AM,61,55935
Oct,2018,FY18-19,10/01/2018 12:00:00 AM,77,2380
Oct,2018,FY18-19,10/01/2018 12:00:00 AM,96,37229
Oct,2018,FY18-19,10/01/2018 12:00:00 AM,Buzz,15049
Nov,2018,FY18-19,11/01/2018 12:00:00 AM,104,14317
Nov,2018,FY18-19,11/01/2018 12:00:00 AM,108,1711
Nov,2018,FY18-19,11/01/2018 12:00:00 AM,112,55092
Nov,2018,FY18-19,11/01/2018 12:00:00 AM,120,7140
Nov,2018,FY18-19,11/01/2018 12:00:00 AM,128,7071
Nov,2018,FY18-19,11/01/2018 12:00:00 AM,136,9944
Nov,2018,FY18-19,11/01/2018 12:00:00 AM,156,1208
Nov,2018,FY18-19,11/01/2018 12:00:00 AM,184,9848
Nov,2018,FY18-19,11/01/2018 12:00:00 AM,30,25518
Nov,2018,FY18-19,11/01/2018 12:00:00 AM,40,42368
Nov,2018,FY18-19,11/01/2018 12:00:00 AM,45,26828
Nov,2018,FY18-19,11/01/2018 12:00:00 AM,531,938
Nov,2018,FY18-19,11/01/2018 12:00:00 AM,533,3710
Nov,2018,FY18-19,11/01/2018 12:00:00 AM,535,3171
Nov,2018,FY18-19,11/01/2018 12:00:00 AM,541,979
Nov,2018,FY18-19,11/01/2018 12:00:00 AM,61,49936
Nov,2018,FY18-19,11/01/2018 12:00:00 AM,77,1795
Nov,2018,FY18-19,11/01/2018 12:00:00 AM,96,32667
Nov,2018,FY18-19,11/01/2018 12:00:00 AM,Buzz,11951
Dec,2018,FY18-19,12/01/2018 12:00:00 AM,104,12886
Dec,2018,FY18-19,12/01/2018 12:00:00 AM,108,1507
Dec,2018,FY18-19,12/01/2018 12:00:00 AM,112,52710
Dec,2018,FY18-19,12/01/2018 12:00:00 AM,120,6491
Dec,2018,FY18-19,12/01/2018 12:00:00 AM,128,6940
Dec,2018,FY18-19,12/01/2018 12:00:00 AM,136,8752
Dec,2018,FY18-19,12/01/2018 12:00:00 AM,156,868
Dec,2018,FY18-19,12/01/2018 12:00:00 AM,184,8805
Dec,2018,FY18-19,12/01/2018 12:00:00 AM,30,23331
Dec,2018,FY18-19,12/01/2018 12:00:00 AM,40,43271
Dec,2018,FY18-19,12/01/2018 12:00:00 AM,45,25165
Dec,2018,FY18-19,12/01/2018 12:00:00 AM,531,892
Dec,2018,FY18-19,12/01/2018 12:00:00 AM,533,3278
Dec,2018,FY18-19,12/01/2018 12:00:00 AM,535,2681
Dec,2018,FY18-19,12/01/2018 12:00:00 AM,541,828
Dec,2018,FY18-19,12/01/2018 12:00:00 AM,61,47209
Dec,2018,FY18-19,12/01/2018 12:00:00 AM,77,1919
Dec,2018,FY18-19,12/01/2018 12:00:00 AM,96,31778
Dec,2018,FY18-19,12/01/2018 12:00:00 AM,Buzz,11674
Jan,2019,FY18-19,01/01/2019 12:00:00 AM,104,14571
Jan,2019,FY18-19,01/01/2019 12:00:00 AM,108,1413
Jan,2019,FY18-19,01/01/2019 12:00:00 AM,112,57184
Jan,2019,FY18-19,01/01/2019 12:00:00 AM,120,7312
Jan,2019,FY18-19,01/01/2019 12:00:00 AM,128,6843
Jan,2019,FY18-19,01/01/2019 12:00:00 AM,136,10036
Jan,2019,FY18-19,01/01/2019 12:00:00 AM,156,1244
Jan,2019,FY18-19,01/01/2019 12:00:00 AM,184,10232
Jan,2019,FY18-19,01/01/2019 12:00:00 AM,30,26562
Jan,2019,FY18-19,01/01/2019 12:00:00 AM,40,45721
Jan,2019,FY18-19,01/01/2019 12:00:00 AM,45,27926
Jan,2019,FY18-19,01/01/2019 12:00:00 AM,531,2660
Jan,2019,FY18-19,01/01/2019 12:00:00 AM,533,4271
Jan,2019,FY18-19,01/01/2019 12:00:00 AM,535,3372
Jan,2019,FY18-19,01/01/2019 12:00:00 AM,541,1167
Jan,2019,FY18-19,01/01/2019 12:00:00 AM,61,50370
Jan,2019,FY18-19,01/01/2019 12:00:00 AM,77,2285
Jan,2019,FY18-19,01/01/2019 12:00:00 AM,96,32841
Jan,2019,FY18-19,01/01/2019 12:00:00 AM,Buzz,12498
Feb,2019,FY18-19,02/01/2019 12:00:00 AM,104,13256
Feb,2019,FY18-19,02/01/2019 12:00:00 AM,108,1164
Feb,2019,FY18-19,02/01/2019 12:00:00 AM,112,51321
Feb,2019,FY18-19,02/01/2019 12:00:00 AM,120,6016
Feb,2019,FY18-19,02/01/2019 12:00:00 AM,128,6741
Feb,2019,FY18-19,02/01/2019 12:00:00 AM,136,9176
Feb,2019,FY18-19,02/01/2019 12:00:00 AM,156,1256
Feb,2019,FY18-19,02/01/2019 12:00:00 AM,184,9219
Feb,2019,FY18-19,02/01/2019 12:00:00 AM,30,23253
Feb,2019,FY18-19,02/01/2019 12:00:00 AM,40,40368
Feb,2019,FY18-19,02/01/2019 12:00:00 AM,45,24905
Feb,2019,FY18-19,02/01/2019 12:00:00 AM,531,975
Feb,2019,FY18-19,02/01/2019 12:00:00 AM,533,4251
Feb,2019,FY18-19,02/01/2019 12:00:00 AM,535,3101
Feb,2019,FY18-19,02/01/2019 12:00:00 AM,541,875
Feb,2019,FY18-19,02/01/2019 12:00:00 AM,61,45367
Feb,2019,FY18-19,02/01/2019 12:00:00 AM,77,2048
Feb,2019,FY18-19,02/01/2019 12:00:00 AM,96,33921
Feb,2019,FY18-19,02/01/2019 12:00:00 AM,Buzz,11438
Mar,2019,FY18-19,03/01/2019 12:00:00 AM,104,14193
Mar,2019,FY18-19,03/01/2019 12:00:00 AM,108,1527
Mar,2019,FY18-19,03/01/2019 12:00:00 AM,112,54594
Mar,2019,FY18-19,03/01/2019 12:00:00 AM,120,6225
Mar,2019,FY18-19,03/01/2019 12:00:00 AM,128,7058
Mar,2019,FY18-19,03/01/2019 12:00:00 AM,136,10618
Mar,2019,FY18-19,03/01/2019 12:00:00 AM,156,1448
Mar,2019,FY18-19,03/01/2019 12:00:00 AM,184,9788
Mar,2019,FY18-19,03/01/2019 12:00:00 AM,30,24074
Mar,2019,FY18-19,03/01/2019 12:00:00 AM,40,43865
Mar,2019,FY18-19,03/01/2019 12:00:00 AM,45,25037
Mar,2019,FY18-19,03/01/2019 12:00:00 AM,531,1138
Mar,2019,FY18-19,03/01/2019 12:00:00 AM,533,4412
Mar,2019,FY18-19,03/01/2019 12:00:00 AM,535,3309
Mar,2019,FY18-19,03/01/2019 12:00:00 AM,541,970
Mar,2019,FY18-19,03/01/2019 12:00:00 AM,61,47197
Mar,2019,FY18-19,03/01/2019 12:00:00 AM,77,2089
Mar,2019,FY18-19,03/01/2019 12:00:00 AM,96,33544
Mar,2019,FY18-19,03/01/2019 12:00:00 AM,Buzz,11591
Apr,2019,FY18-19,04/01/2019 12:00:00 AM,531,1068
Apr,2019,FY18-19,04/01/2019 12:00:00 AM,40,43971
Apr,2019,FY18-19,04/01/2019 12:00:00 AM,108,1487
Apr,2019,FY18-19,04/01/2019 12:00:00 AM,136,12771
Apr,2019,FY18-19,04/01/2019 12:00:00 AM,96,33727
Apr,2019,FY18-19,04/01/2019 12:00:00 AM,541,1081
Apr,2019,FY18-19,04/01/2019 12:00:00 AM,156,2162
Apr,2019,FY18-19,04/01/2019 12:00:00 AM,104,15239
Apr,2019,FY18-19,04/01/2019 12:00:00 AM,30,24815
Apr,2019,FY18-19,04/01/2019 12:00:00 AM,77,2881
Apr,2019,FY18-19,04/01/2019 12:00:00 AM,128,7031
Apr,2019,FY18-19,04/01/2019 12:00:00 AM,535,3713
Apr,2019,FY18-19,04/01/2019 12:00:00 AM,45,26513
Apr,2019,FY18-19,04/01/2019 12:00:00 AM,61,49041
Apr,2019,FY18-19,04/01/2019 12:00:00 AM,Buzz,12498
Apr,2019,FY18-19,04/01/2019 12:00:00 AM,533,4761
Apr,2019,FY18-19,04/01/2019 12:00:00 AM,112,56338
Apr,2019,FY18-19,04/01/2019 12:00:00 AM,120,6384
Apr,2019,FY18-19,04/01/2019 12:00:00 AM,184,9900
May,2019,FY18-19,05/01/2019 12:00:00 AM,104,16104
May,2019,FY18-19,05/01/2019 12:00:00 AM,112,56917
May,2019,FY18-19,05/01/2019 12:00:00 AM,77,2766
May,2019,FY18-19,05/01/2019 12:00:00 AM,120,6719
May,2019,FY18-19,05/01/2019 12:00:00 AM,40,40909
May,2019,FY18-19,05/01/2019 12:00:00 AM,156,1643
May,2019,FY18-19,05/01/2019 12:00:00 AM,Buzz,12910
May,2019,FY18-19,05/01/2019 12:00:00 AM,136,18274
May,2019,FY18-19,05/01/2019 12:00:00 AM,108,1434
May,2019,FY18-19,05/01/2019 12:00:00 AM,531,757
May,2019,FY18-19,05/01/2019 12:00:00 AM,184,9173
May,2019,FY18-19,05/01/2019 12:00:00 AM,541,840
May,2019,FY18-19,05/01/2019 12:00:00 AM,128,7436
May,2019,FY18-19,05/01/2019 12:00:00 AM,61,43663
May,2019,FY18-19,05/01/2019 12:00:00 AM,96,32144
May,2019,FY18-19,05/01/2019 12:00:00 AM,535,3409
May,2019,FY18-19,05/01/2019 12:00:00 AM,30,23745
May,2019,FY18-19,05/01/2019 12:00:00 AM,45,24760
May,2019,FY18-19,05/01/2019 12:00:00 AM,533,4310
Jun,2019,FY18-19,06/01/2019 12:00:00 AM,40,31335
Jun,2019,FY18-19,06/01/2019 12:00:00 AM,77,2086
Jun,2019,FY18-19,06/01/2019 12:00:00 AM,541,34
Jun,2019,FY18-19,06/01/2019 12:00:00 AM,531,100
Jun,2019,FY18-19,06/01/2019 12:00:00 AM,128,6151
Jun,2019,FY18-19,06/01/2019 12:00:00 AM,533,4139
Jun,2019,FY18-19,06/01/2019 12:00:00 AM,136,15482
Jun,2019,FY18-19,06/01/2019 12:00:00 AM,96,30054
Jun,2019,FY18-19,06/01/2019 12:00:00 AM,104,12770
Jun,2019,FY18-19,06/01/2019 12:00:00 AM,535,3163
Jun,2019,FY18-19,06/01/2019 12:00:00 AM,120,6203
Jun,2019,FY18-19,06/01/2019 12:00:00 AM,45,20180
Jun,2019,FY18-19,06/01/2019 12:00:00 AM,112,51939
Jun,2019,FY18-19,06/01/2019 12:00:00 AM,108,1288
Jun,2019,FY18-19,06/01/2019 12:00:00 AM,184,7766
Jun,2019,FY18-19,06/01/2019 12:00:00 AM,156,1239
Jun,2019,FY18-19,06/01/2019 12:00:00 AM,30,19406
Jun,2019,FY18-19,06/01/2019 12:00:00 AM,Buzz,9787
Jun,2019,FY18-19,06/01/2019 12:00:00 AM,61,39788
Jul,2019,FY19-20,07/01/2019 12:00:00 AM,535,2921
Jul,2019,FY19-20,07/01/2019 12:00:00 AM,136,15627
Jul,2019,FY19-20,07/01/2019 12:00:00 AM,40,31398
Jul,2019,FY19-20,07/01/2019 12:00:00 AM,156,1118
Jul,2019,FY19-20,07/01/2019 12:00:00 AM,533,4368
Jul,2019,FY19-20,07/01/2019 12:00:00 AM,541,104
Jul,2019,FY19-20,07/01/2019 12:00:00 AM,96,30620
Jul,2019,FY19-20,07/01/2019 12:00:00 AM,104,12889
Jul,2019,FY19-20,07/01/2019 12:00:00 AM,61,37924
Jul,2019,FY19-20,07/01/2019 12:00:00 AM,184,8083
Jul,2019,FY19-20,07/01/2019 12:00:00 AM,108,1473
Jul,2019,FY19-20,07/01/2019 12:00:00 AM,128,6412
Jul,2019,FY19-20,07/01/2019 12:00:00 AM,531,54
Jul,2019,FY19-20,07/01/2019 12:00:00 AM,112,52248
Jul,2019,FY19-20,07/01/2019 12:00:00 AM,Buzz,8969
Jul,2019,FY19-20,07/01/2019 12:00:00 AM,77,1596
Jul,2019,FY19-20,07/01/2019 12:00:00 AM,30,20108
Jul,2019,FY19-20,07/01/2019 12:00:00 AM,120,6393
Jul,2019,FY19-20,07/01/2019 12:00:00 AM,45,20407
Aug,2019,FY19-20,08/01/2019 12:00:00 AM,541,27
Aug,2019,FY19-20,08/01/2019 12:00:00 AM,77,1684
Aug,2019,FY19-20,08/01/2019 12:00:00 AM,535,3403
Aug,2019,FY19-20,08/01/2019 12:00:00 AM,104,15936
Aug,2019,FY19-20,08/01/2019 12:00:00 AM,156,1517
Aug,2019,FY19-20,08/01/2019 12:00:00 AM,533,4205
Aug,2019,FY19-20,08/01/2019 12:00:00 AM,Buzz,12191
Aug,2019,FY19-20,08/01/2019 12:00:00 AM,184,9448
Aug,2019,FY19-20,08/01/2019 12:00:00 AM,531,38
Aug,2019,FY19-20,08/01/2019 12:00:00 AM,45,23288
Aug,2019,FY19-20,08/01/2019 12:00:00 AM,128,7420
Aug,2019,FY19-20,08/01/2019 12:00:00 AM,30,23080
Aug,2019,FY19-20,08/01/2019 12:00:00 AM,120,6483
Aug,2019,FY19-20,08/01/2019 12:00:00 AM,112,55726
Aug,2019,FY19-20,08/01/2019 12:00:00 AM,40,34620
Aug,2019,FY19-20,08/01/2019 12:00:00 AM,108,1513
Aug,2019,FY19-20,08/01/2019 12:00:00 AM,96,33621
Aug,2019,FY19-20,08/01/2019 12:00:00 AM,136,12664
Aug,2019,FY19-20,08/01/2019 12:00:00 AM,61,45877
Sep,2019,FY19-20,09/01/2019 12:00:00 AM,120,6086
Sep,2019,FY19-20,09/01/2019 12:00:00 AM,533,4460
Sep,2019,FY19-20,09/01/2019 12:00:00 AM,104,13275
Sep,2019,FY19-20,09/01/2019 12:00:00 AM,45,22063
Sep,2019,FY19-20,09/01/2019 12:00:00 AM,77,1612
Sep,2019,FY19-20,09/01/2019 12:00:00 AM,531,346
Sep,2019,FY19-20,09/01/2019 12:00:00 AM,108,1670
Sep,2019,FY19-20,09/01/2019 12:00:00 AM,184,9376
Sep,2019,FY19-20,09/01/2019 12:00:00 AM,535,3071
Sep,2019,FY19-20,09/01/2019 12:00:00 AM,541,274
Sep,2019,FY19-20,09/01/2019 12:00:00 AM,40,33436
Sep,2019,FY19-20,09/01/2019 12:00:00 AM,61,44961
Sep,2019,FY19-20,09/01/2019 12:00:00 AM,156,1581
Sep,2019,FY19-20,09/01/2019 12:00:00 AM,Buzz,12681
Sep,2019,FY19-20,09/01/2019 12:00:00 AM,136,12714
Sep,2019,FY19-20,09/01/2019 12:00:00 AM,96,33979
Sep,2019,FY19-20,09/01/2019 12:00:00 AM,112,51750
Sep,2019,FY19-20,09/01/2019 12:00:00 AM,30,21391
Sep,2019,FY19-20,09/01/2019 12:00:00 AM,128,6894
Oct,2019,FY19-20,10/01/2019 12:00:00 AM,120,6313
Oct,2019,FY19-20,10/01/2019 12:00:00 AM,30,27848
Oct,2019,FY19-20,10/01/2019 12:00:00 AM,Buzz,13277
Oct,2019,FY19-20,10/01/2019 12:00:00 AM,533,4710
Oct,2019,FY19-20,10/01/2019 12:00:00 AM,128,8420
Oct,2019,FY19-20,10/01/2019 12:00:00 AM,45,25171
Oct,2019,FY19-20,10/01/2019 12:00:00 AM,77,2083
Oct,2019,FY19-20,10/01/2019 12:00:00 AM,104,15717
Oct,2019,FY19-20,10/01/2019 12:00:00 AM,112,59698
Oct,2019,FY19-20,10/01/2019 12:00:00 AM,136,17500
Oct,2019,FY19-20,10/01/2019 12:00:00 AM,96,35701
Oct,2019,FY19-20,10/01/2019 12:00:00 AM,61,48577
Oct,2019,FY19-20,10/01/2019 12:00:00 AM,184,10455
Oct,2019,FY19-20,10/01/2019 12:00:00 AM,541,1096
Oct,2019,FY19-20,10/01/2019 12:00:00 AM,156,1261
Oct,2019,FY19-20,10/01/2019 12:00:00 AM,531,1234
Oct,2019,FY19-20,10/01/2019 12:00:00 AM,108,1655
Oct,2019,FY19-20,10/01/2019 12:00:00 AM,535,3684
Oct,2019,FY19-20,10/01/2019 12:00:00 AM,40,33058
Nov,2019,FY19-20,11/01/2019 12:00:00 AM,535,2638
Nov,2019,FY19-20,11/01/2019 12:00:00 AM,104,15040
Nov,2019,FY19-20,11/01/2019 12:00:00 AM,77,1930
Nov,2019,FY19-20,11/01/2019 12:00:00 AM,Buzz,11663
Nov,2019,FY19-20,11/01/2019 12:00:00 AM,120,5838
Nov,2019,FY19-20,11/01/2019 12:00:00 AM,112,52405
Nov,2019,FY19-20,11/01/2019 12:00:00 AM,40,34272
Nov,2019,FY19-20,11/01/2019 12:00:00 AM,30,20445
Nov,2019,FY19-20,11/01/2019 12:00:00 AM,45,22208
Nov,2019,FY19-20,11/01/2019 12:00:00 AM,136,13508
Nov,2019,FY19-20,11/01/2019 12:00:00 AM,156,1335
Nov,2019,FY19-20,11/01/2019 12:00:00 AM,108,1809
Nov,2019,FY19-20,11/01/2019 12:00:00 AM,541,947
Nov,2019,FY19-20,11/01/2019 12:00:00 AM,61,42999
Nov,2019,FY19-20,11/01/2019 12:00:00 AM,96,31751
Nov,2019,FY19-20,11/01/2019 12:00:00 AM,184,8996
Nov,2019,FY19-20,11/01/2019 12:00:00 AM,533,3597
Nov,2019,FY19-20,11/01/2019 12:00:00 AM,128,8762
Nov,2019,FY19-20,11/01/2019 12:00:00 AM,531,991
Dec,2019,FY19-20,12/01/2019 12:00:00 AM,108,1553
Dec,2019,FY19-20,12/01/2019 12:00:00 AM,61,40850
Dec,2019,FY19-20,12/01/2019 12:00:00 AM,45,22070
Dec,2019,FY19-20,12/01/2019 12:00:00 AM,541,882
Dec,2019,FY19-20,12/01/2019 12:00:00 AM,128,9125
Dec,2019,FY19-20,12/01/2019 12:00:00 AM,533,3096
Dec,2019,FY19-20,12/01/2019 12:00:00 AM,77,2478
Dec,2019,FY19-20,12/01/2019 12:00:00 AM,40,35985
Dec,2019,FY19-20,12/01/2019 12:00:00 AM,531,975
Dec,2019,FY19-20,12/01/2019 12:00:00 AM,120,4866
Dec,2019,FY19-20,12/01/2019 12:00:00 AM,136,13207
Dec,2019,FY19-20,12/01/2019 12:00:00 AM,156,846
Dec,2019,FY19-20,12/01/2019 12:00:00 AM,96,31259
Dec,2019,FY19-20,12/01/2019 12:00:00 AM,535,2490
Dec,2019,FY19-20,12/01/2019 12:00:00 AM,30,20679
Dec,2019,FY19-20,12/01/2019 12:00:00 AM,104,14338
Dec,2019,FY19-20,12/01/2019 12:00:00 AM,112,50943
Dec,2019,FY19-20,12/01/2019 12:00:00 AM,184,8381
Dec,2019,FY19-20,12/01/2019 12:00:00 AM,Buzz,12321
Jan,2020,FY19-20,01/01/2020 12:00:00 AM,136,14251
Jan,2020,FY19-20,01/01/2020 12:00:00 AM,104,16132
Jan,2020,FY19-20,01/01/2020 12:00:00 AM,61,45084
Jan,2020,FY19-20,01/01/2020 12:00:00 AM,535,3363
Jan,2020,FY19-20,01/01/2020 12:00:00 AM,541,1109
Jan,2020,FY19-20,01/01/2020 12:00:00 AM,45,23159
Jan,2020,FY19-20,01/01/2020 12:00:00 AM,156,888
Jan,2020,FY19-20,01/01/2020 12:00:00 AM,112,53921
Jan,2020,FY19-20,01/01/2020 12:00:00 AM,108,1810
Jan,2020,FY19-20,01/01/2020 12:00:00 AM,96,33367
Jan,2020,FY19-20,01/01/2020 12:00:00 AM,533,4191
Jan,2020,FY19-20,01/01/2020 12:00:00 AM,184,9845
Jan,2020,FY19-20,01/01/2020 12:00:00 AM,120,4625
Jan,2020,FY19-20,01/01/2020 12:00:00 AM,128,10733
Jan,2020,FY19-20,01/01/2020 12:00:00 AM,40,36737
Jan,2020,FY19-20,01/01/2020 12:00:00 AM,77,1840
Jan,2020,FY19-20,01/01/2020 12:00:00 AM,531,1088
Jan,2020,FY19-20,01/01/2020 12:00:00 AM,30,22568
Jan,2020,FY19-20,01/01/2020 12:00:00 AM,Buzz,12133
Feb,2020,FY19-20,02/01/2020 12:00:00 AM,61,45330
Feb,2020,FY19-20,02/01/2020 12:00:00 AM,128,8175
Feb,2020,FY19-20,02/01/2020 12:00:00 AM,45,20642
Feb,2020,FY19-20,02/01/2020 12:00:00 AM,156,1076
Feb,2020,FY19-20,02/01/2020 12:00:00 AM,77,2001
Feb,2020,FY19-20,02/01/2020 12:00:00 AM,112,51592
Feb,2020,FY19-20,02/01/2020 12:00:00 AM,Buzz,11139
Feb,2020,FY19-20,02/01/2020 12:00:00 AM,30,22035
Feb,2020,FY19-20,02/01/2020 12:00:00 AM,120,4698
Feb,2020,FY19-20,02/01/2020 12:00:00 AM,184,10758
Feb,2020,FY19-20,02/01/2020 12:00:00 AM,96,32129
Feb,2020,FY19-20,02/01/2020 12:00:00 AM,531,966
Feb,2020,FY19-20,02/01/2020 12:00:00 AM,535,3173
Feb,2020,FY19-20,02/01/2020 12:00:00 AM,136,14821
Feb,2020,FY19-20,02/01/2020 12:00:00 AM,104,15328
Feb,2020,FY19-20,02/01/2020 12:00:00 AM,40,33578
Feb,2020,FY19-20,02/01/2020 12:00:00 AM,533,3574
Feb,2020,FY19-20,02/01/2020 12:00:00 AM,541,1030
Feb,2020,FY19-20,02/01/2020 12:00:00 AM,108,1630
Mar,2020,FY19-20,03/01/2020 12:00:00 AM,Buzz,7719
Mar,2020,FY19-20,03/01/2020 12:00:00 AM,96,25649
Mar,2020,FY19-20,03/01/2020 12:00:00 AM,533,2204
Mar,2020,FY19-20,03/01/2020 12:00:00 AM,128,6893
Mar,2020,FY19-20,03/01/2020 12:00:00 AM,104,11868
Mar,2020,FY19-20,03/01/2020 12:00:00 AM,45,13951
Mar,2020,FY19-20,03/01/2020 12:00:00 AM,541,666
Mar,2020,FY19-20,03/01/2020 12:00:00 AM,77,1047
Mar,2020,FY19-20,03/01/2020 12:00:00 AM,61,31671
Mar,2020,FY19-20,03/01/2020 12:00:00 AM,40,30078
Mar,2020,FY19-20,03/01/2020 12:00:00 AM,112,43326
Mar,2020,FY19-20,03/01/2020 12:00:00 AM,108,1195
Mar,2020,FY19-20,03/01/2020 12:00:00 AM,184,9196
Mar,2020,FY19-20,03/01/2020 12:00:00 AM,30,16307
Mar,2020,FY19-20,03/01/2020 12:00:00 AM,156,681
Mar,2020,FY19-20,03/01/2020 12:00:00 AM,535,1832
Mar,2020,FY19-20,03/01/2020 12:00:00 AM,531,602
Mar,2020,FY19-20,03/01/2020 12:00:00 AM,120,3347
Mar,2020,FY19-20,03/01/2020 12:00:00 AM,136,10782
Apr,2020,FY19-20,04/01/2020 12:00:00 AM,40,23051
Apr,2020,FY19-20,04/01/2020 12:00:00 AM,156,447
Apr,2020,FY19-20,04/01/2020 12:00:00 AM,128,5041
Apr,2020,FY19-20,04/01/2020 12:00:00 AM,77,872
Apr,2020,FY19-20,04/01/2020 12:00:00 AM,96,17466
Apr,2020,FY19-20,04/01/2020 12:00:00 AM,531,146
Apr,2020,FY19-20,04/01/2020 12:00:00 AM,Buzz,5171
Apr,2020,FY19-20,04/01/2020 12:00:00 AM,108,908
Apr,2020,FY19-20,04/01/2020 12:00:00 AM,61,20847
Apr,2020,FY19-20,04/01/2020 12:00:00 AM,45,10971
Apr,2020,FY19-20,04/01/2020 12:00:00 AM,533,525
Apr,2020,FY19-20,04/01/2020 12:00:00 AM,541,85
Apr,2020,FY19-20,04/01/2020 12:00:00 AM,120,2297
Apr,2020,FY19-20,04/01/2020 12:00:00 AM,30,14243
Apr,2020,FY19-20,04/01/2020 12:00:00 AM,535,332
Apr,2020,FY19-20,04/01/2020 12:00:00 AM,104,8090
Apr,2020,FY19-20,04/01/2020 12:00:00 AM,112,30212
Apr,2020,FY19-20,04/01/2020 12:00:00 AM,184,5855
Apr,2020,FY19-20,04/01/2020 12:00:00 AM,136,8001
May,2020,FY19-20,05/01/2020 12:00:00 AM,61,22273
May,2020,FY19-20,05/01/2020 12:00:00 AM,120,2916
May,2020,FY19-20,05/01/2020 12:00:00 AM,533,565
May,2020,FY19-20,05/01/2020 12:00:00 AM,156,415
May,2020,FY19-20,05/01/2020 12:00:00 AM,30,12895
May,2020,FY19-20,05/01/2020 12:00:00 AM,112,31811
May,2020,FY19-20,05/01/2020 12:00:00 AM,77,1183
May,2020,FY19-20,05/01/2020 12:00:00 AM,535,192
May,2020,FY19-20,05/01/2020 12:00:00 AM,541,40
May,2020,FY19-20,05/01/2020 12:00:00 AM,184,6986
May,2020,FY19-20,05/01/2020 12:00:00 AM,96,17446
May,2020,FY19-20,05/01/2020 12:00:00 AM,45,10049
May,2020,FY19-20,05/01/2020 12:00:00 AM,40,31039
May,2020,FY19-20,05/01/2020 12:00:00 AM,108,936
May,2020,FY19-20,05/01/2020 12:00:00 AM,Buzz,4709
May,2020,FY19-20,05/01/2020 12:00:00 AM,128,4903
May,2020,FY19-20,05/01/2020 12:00:00 AM,104,8301
May,2020,FY19-20,05/01/2020 12:00:00 AM,136,8364
May,2020,FY19-20,05/01/2020 12:00:00 AM,531,75
Jun,2020,FY19-20,06/01/2020 12:00:00 AM,156,432
Jun,2020,FY19-20,06/01/2020 12:00:00 AM,30,11135
Jun,2020,FY19-20,06/01/2020 12:00:00 AM,77,1092
Jun,2020,FY19-20,06/01/2020 12:00:00 AM,535,183
Jun,2020,FY19-20,06/01/2020 12:00:00 AM,541,76
Jun,2020,FY19-20,06/01/2020 12:00:00 AM,104,7918
Jun,2020,FY19-20,06/01/2020 12:00:00 AM,136,7768
Jun,2020,FY19-20,06/01/2020 12:00:00 AM,Buzz,4605
Jun,2020,FY19-20,06/01/2020 12:00:00 AM,112,28677
Jun,2020,FY19-20,06/01/2020 12:00:00 AM,108,658
Jun,2020,FY19-20,06/01/2020 12:00:00 AM,45,10169
Jun,2020,FY19-20,06/01/2020 12:00:00 AM,531,61
Jun,2020,FY19-20,06/01/2020 12:00:00 AM,96,17417
Jun,2020,FY19-20,06/01/2020 12:00:00 AM,40,35619
Jun,2020,FY19-20,06/01/2020 12:00:00 AM,61,21922
Jun,2020,FY19-20,06/01/2020 12:00:00 AM,120,2773
Jun,2020,FY19-20,06/01/2020 12:00:00 AM,184,6777
Jun,2020,FY19-20,06/01/2020 12:00:00 AM,128,5064
Jun,2020,FY19-20,06/01/2020 12:00:00 AM,533,346
Jul,2020,FY20-21,07/01/2020 12:00:00 AM,Buzz,4039
Jul,2020,FY20-21,07/01/2020 12:00:00 AM,30,10756
Jul,2020,FY20-21,07/01/2020 12:00:00 AM,40,32002
Jul,2020,FY20-21,07/01/2020 12:00:00 AM,45,10044
Jul,2020,FY20-21,07/01/2020 12:00:00 AM,61,20950
Jul,2020,FY20-21,07/01/2020 12:00:00 AM,77,1078
Jul,2020,FY20-21,07/01/2020 12:00:00 AM,96,16026
Jul,2020,FY20-21,07/01/2020 12:00:00 AM,104,7546
Jul,2020,FY20-21,07/01/2020 12:00:00 AM,108,596
Jul,2020,FY20-21,07/01/2020 12:00:00 AM,112,27910
Jul,2020,FY20-21,07/01/2020 12:00:00 AM,120,2685
Jul,2020,FY20-21,07/01/2020 12:00:00 AM,128,4090
Jul,2020,FY20-21,07/01/2020 12:00:00 AM,136,6926
Jul,2020,FY20-21,07/01/2020 12:00:00 AM,156,364
Jul,2020,FY20-21,07/01/2020 12:00:00 AM,184,6672
Jul,2020,FY20-21,07/01/2020 12:00:00 AM,531,62
Jul,2020,FY20-21,07/01/2020 12:00:00 AM,533,320
Jul,2020,FY20-21,07/01/2020 12:00:00 AM,535,168
Jul,2020,FY20-21,07/01/2020 12:00:00 AM,541,73
Aug,2020,FY20-21,08/01/2020 12:00:00 AM,541,12
Aug,2020,FY20-21,08/01/2020 12:00:00 AM,535,228
Aug,2020,FY20-21,08/01/2020 12:00:00 AM,533,306
Aug,2020,FY20-21,08/01/2020 12:00:00 AM,531,32
Aug,2020,FY20-21,08/01/2020 12:00:00 AM,184,6904
Aug,2020,FY20-21,08/01/2020 12:00:00 AM,156,269
Aug,2020,FY20-21,08/01/2020 12:00:00 AM,136,7743
Aug,2020,FY20-21,08/01/2020 12:00:00 AM,128,4657
Aug,2020,FY20-21,08/01/2020 12:00:00 AM,120,2367
Aug,2020,FY20-21,08/01/2020 12:00:00 AM,112,25831
Aug,2020,FY20-21,08/01/2020 12:00:00 AM,108,561
Aug,2020,FY20-21,08/01/2020 12:00:00 AM,104,6945
Aug,2020,FY20-21,08/01/2020 12:00:00 AM,96,16059
Aug,2020,FY20-21,08/01/2020 12:00:00 AM,77,524
Aug,2020,FY20-21,08/01/2020 12:00:00 AM,61,16015
Aug,2020,FY20-21,08/01/2020 12:00:00 AM,45,8087
Aug,2020,FY20-21,08/01/2020 12:00:00 AM,40,32624
Aug,2020,FY20-21,08/01/2020 12:00:00 AM,30,9686
Aug,2020,FY20-21,08/01/2020 12:00:00 AM,Buzz,4555
Sep,2020,FY20-21,09/01/2020 12:00:00 AM,Buzz,3644
Sep,2020,FY20-21,09/01/2020 12:00:00 AM,30,11812
Sep,2020,FY20-21,09/01/2020 12:00:00 AM,40,34757
Sep,2020,FY20-21,09/01/2020 12:00:00 AM,45,10638
Sep,2020,FY20-21,09/01/2020 12:00:00 AM,61,20490
Sep,2020,FY20-21,09/01/2020 12:00:00 AM,77,850
Sep,2020,FY20-21,09/01/2020 12:00:00 AM,96,16815
Sep,2020,FY20-21,09/01/2020 12:00:00 AM,104,7291
Sep,2020,FY20-21,09/01/2020 12:00:00 AM,108,613
Sep,2020,FY20-21,09/01/2020 12:00:00 AM,112,27757
Sep,2020,FY20-21,09/01/2020 12:00:00 AM,120,2599
Sep,2020,FY20-21,09/01/2020 12:00:00 AM,128,4429
Sep,2020,FY20-21,09/01/2020 12:00:00 AM,136,7581
Sep,2020,FY20-21,09/01/2020 12:00:00 AM,156,459
Sep,2020,FY20-21,09/01/2020 12:00:00 AM,184,7417
Sep,2020,FY20-21,09/01/2020 12:00:00 AM,531,67
Sep,2020,FY20-21,09/01/2020 12:00:00 AM,533,366
Sep,2020,FY20-21,09/01/2020 12:00:00 AM,535,209
Sep,2020,FY20-21,09/01/2020 12:00:00 AM,541,80
Oct,2020,FY20-21,10/01/2020 12:00:00 AM,541,107
Oct,2020,FY20-21,10/01/2020 12:00:00 AM,535,178
Oct,2020,FY20-21,10/01/2020 12:00:00 AM,533,477
Oct,2020,FY20-21,10/01/2020 12:00:00 AM,531,52
Oct,2020,FY20-21,10/01/2020 12:00:00 AM,184,7893
Oct,2020,FY20-21,10/01/2020 12:00:00 AM,156,458
Oct,2020,FY20-21,10/01/2020 12:00:00 AM,136,8691
Oct,2020,FY20-21,10/01/2020 12:00:00 AM,128,5027
Oct,2020,FY20-21,10/01/2020 12:00:00 AM,120,3137
Oct,2020,FY20-21,10/01/2020 12:00:00 AM,112,30258
Oct,2020,FY20-21,10/01/2020 12:00:00 AM,108,565
Oct,2020,FY20-21,10/01/2020 12:00:00 AM,104,8697
Oct,2020,FY20-21,10/01/2020 12:00:00 AM,96,17846
Oct,2020,FY20-21,10/01/2020 12:00:00 AM,77,997
Oct,2020,FY20-21,10/01/2020 12:00:00 AM,61,22817
Oct,2020,FY20-21,10/01/2020 12:00:00 AM,45,12669
Oct,2020,FY20-21,10/01/2020 12:00:00 AM,40,35872
Oct,2020,FY20-21,10/01/2020 12:00:00 AM,30,13351
Oct,2020,FY20-21,10/01/2020 12:00:00 AM,Buzz,5565
Nov,2020,FY20-21,11/01/2020 12:00:00 AM,Buzz,5311
Nov,2020,FY20-21,11/01/2020 12:00:00 AM,541,89
Nov,2020,FY20-21,11/01/2020 12:00:00 AM,30,11679
Nov,2020,FY20-21,11/01/2020 12:00:00 AM,40,33976
Nov,2020,FY20-21,11/01/2020 12:00:00 AM,45,11115
Nov,2020,FY20-21,11/01/2020 12:00:00 AM,61,23771
Nov,2020,FY20-21,11/01/2020 12:00:00 AM,77,713
Nov,2020,FY20-21,11/01/2020 12:00:00 AM,96,16649
Nov,2020,FY20-21,11/01/2020 12:00:00 AM,104,8547
Nov,2020,FY20-21,11/01/2020 12:00:00 AM,108,613
Nov,2020,FY20-21,11/01/2020 12:00:00 AM,112,24609
Nov,2020,FY20-21,11/01/2020 12:00:00 AM,120,2752
Nov,2020,FY20-21,11/01/2020 12:00:00 AM,128,4114
Nov,2020,FY20-21,11/01/2020 12:00:00 AM,136,9455
Nov,2020,FY20-21,11/01/2020 12:00:00 AM,156,540
Nov,2020,FY20-21,11/01/2020 12:00:00 AM,184,7280
Nov,2020,FY20-21,11/01/2020 12:00:00 AM,531,54
Nov,2020,FY20-21,11/01/2020 12:00:00 AM,533,289
Nov,2020,FY20-21,11/01/2020 12:00:00 AM,535,175
Dec,2020,FY20-21,12/01/2020 12:00:00 AM,30,11926
Dec,2020,FY20-21,12/01/2020 12:00:00 AM,40,37468
Dec,2020,FY20-21,12/01/2020 12:00:00 AM,45,11761
Dec,2020,FY20-21,12/01/2020 12:00:00 AM,61,22022
Dec,2020,FY20-21,12/01/2020 12:00:00 AM,77,647
Dec,2020,FY20-21,12/01/2020 12:00:00 AM,96,16338
Dec,2020,FY20-21,12/01/2020 12:00:00 AM,104,8666
Dec,2020,FY20-21,12/01/2020 12:00:00 AM,108,634
Dec,2020,FY20-21,12/01/2020 12:00:00 AM,112,26945
Dec,2020,FY20-21,12/01/2020 12:00:00 AM,120,2445
Dec,2020,FY20-21,12/01/2020 12:00:00 AM,128,4384
Dec,2020,FY20-21,12/01/2020 12:00:00 AM,136,9599
Dec,2020,FY20-21,12/01/2020 12:00:00 AM,156,487
Dec,2020,FY20-21,12/01/2020 12:00:00 AM,184,6856
Dec,2020,FY20-21,12/01/2020 12:00:00 AM,531,32
Dec,2020,FY20-21,12/01/2020 12:00:00 AM,533,432
Dec,2020,FY20-21,12/01/2020 12:00:00 AM,535,152
Dec,2020,FY20-21,12/01/2020 12:00:00 AM,541,70
Dec,2020,FY20-21,12/01/2020 12:00:00 AM,Buzz,4871
Jan,2021,FY20-21,01/01/2021 12:00:00 AM,120,2439
Jan,2021,FY20-21,01/01/2021 12:00:00 AM,128,3315
Jan,2021,FY20-21,01/01/2021 12:00:00 AM,136,9051
Jan,2021,FY20-21,01/01/2021 12:00:00 AM,112,26566
Jan,2021,FY20-21,01/01/2021 12:00:00 AM,108,1074
Jan,2021,FY20-21,01/01/2021 12:00:00 AM,104,7953
Jan,2021,FY20-21,01/01/2021 12:00:00 AM,96,15909
Jan,2021,FY20-21,01/01/2021 12:00:00 AM,77,942
Jan,2021,FY20-21,01/01/2021 12:00:00 AM,61,21287
Jan,2021,FY20-21,01/01/2021 12:00:00 AM,45,10183
Jan,2021,FY20-21,01/01/2021 12:00:00 AM,40,33836
Jan,2021,FY20-21,01/01/2021 12:00:00 AM,30,10365
Jan,2021,FY20-21,01/01/2021 12:00:00 AM,156,412
Jan,2021,FY20-21,01/01/2021 12:00:00 AM,184,6550
Jan,2021,FY20-21,01/01/2021 12:00:00 AM,531,50
Jan,2021,FY20-21,01/01/2021 12:00:00 AM,533,513
Jan,2021,FY20-21,01/01/2021 12:00:00 AM,535,128
Jan,2021,FY20-21,01/01/2021 12:00:00 AM,541,118
Jan,2021,FY20-21,01/01/2021 12:00:00 AM,Buzz,3949
Feb,2021,FY20-21,02/01/2021 12:00:00 AM,120,2937
Feb,2021,FY20-21,02/01/2021 12:00:00 AM,128,3240
Feb,2021,FY20-21,02/01/2021 12:00:00 AM,136,9580
Feb,2021,FY20-21,02/01/2021 12:00:00 AM,112,25781
Feb,2021,FY20-21,02/01/2021 12:00:00 AM,108,677
Feb,2021,FY20-21,02/01/2021 12:00:00 AM,104,9564
Feb,2021,FY20-21,02/01/2021 12:00:00 AM,156,533
Feb,2021,FY20-21,02/01/2021 12:00:00 AM,184,6219
Feb,2021,FY20-21,02/01/2021 12:00:00 AM,531,69
Feb,2021,FY20-21,02/01/2021 12:00:00 AM,533,250
Feb,2021,FY20-21,02/01/2021 12:00:00 AM,535,161
Feb,2021,FY20-21,02/01/2021 12:00:00 AM,541,105
Feb,2021,FY20-21,02/01/2021 12:00:00 AM,Buzz,4291
Feb,2021,FY20-21,02/01/2021 12:00:00 AM,30,12208
Feb,2021,FY20-21,02/01/2021 12:00:00 AM,40,31839
Feb,2021,FY20-21,02/01/2021 12:00:00 AM,45,11154
Feb,2021,FY20-21,02/01/2021 12:00:00 AM,61,19751
Feb,2021,FY20-21,02/01/2021 12:00:00 AM,77,784
Feb,2021,FY20-21,02/01/2021 12:00:00 AM,96,16276
Mar,2021,FY20-21,03/01/2021 12:00:00 AM,45,12502
Mar,2021,FY20-21,03/01/2021 12:00:00 AM,40,34016
Mar,2021,FY20-21,03/01/2021 12:00:00 AM,30,13872
Mar,2021,FY20-21,03/01/2021 12:00:00 AM,120,4755
Mar,2021,FY20-21,03/01/2021 12:00:00 AM,128,3801
Mar,2021,FY20-21,03/01/2021 12:00:00 AM,136,10381
Mar,2021,FY20-21,03/01/2021 12:00:00 AM,156,552
Mar,2021,FY20-21,03/01/2021 12:00:00 AM,112,27432
Mar,2021,FY20-21,03/01/2021 12:00:00 AM,108,1014
Mar,2021,FY20-21,03/01/2021 12:00:00 AM,104,11404
Mar,2021,FY20-21,03/01/2021 12:00:00 AM,61,20918
Mar,2021,FY20-21,03/01/2021 12:00:00 AM,96,18266
Mar,2021,FY20-21,03/01/2021 12:00:00 AM,77,699
Mar,2021,FY20-21,03/01/2021 12:00:00 AM,Buzz,5437
Mar,2021,FY20-21,03/01/2021 12:00:00 AM,184,7720
Mar,2021,FY20-21,03/01/2021 12:00:00 AM,531,95
Mar,2021,FY20-21,03/01/2021 12:00:00 AM,533,224
Mar,2021,FY20-21,03/01/2021 12:00:00 AM,535,224
Mar,2021,FY20-21,03/01/2021 12:00:00 AM,541,97
Apr,2021,FY20-21,04/01/2021 12:00:00 AM,112,23936
Apr,2021,FY20-21,04/01/2021 12:00:00 AM,108,1198
Apr,2021,FY20-21,04/01/2021 12:00:00 AM,120,4358
Apr,2021,FY20-21,04/01/2021 12:00:00 AM,128,3500
Apr,2021,FY20-21,04/01/2021 12:00:00 AM,136,9994
Apr,2021,FY20-21,04/01/2021 12:00:00 AM,156,684
Apr,2021,FY20-21,04/01/2021 12:00:00 AM,184,6007
Apr,2021,FY20-21,04/01/2021 12:00:00 AM,531,100
Apr,2021,FY20-21,04/01/2021 12:00:00 AM,533,198
Apr,2021,FY20-21,04/01/2021 12:00:00 AM,535,294
Apr,2021,FY20-21,04/01/2021 12:00:00 AM,541,74
Apr,2021,FY20-21,04/01/2021 12:00:00 AM,Buzz,5403
Apr,2021,FY20-21,04/01/2021 12:00:00 AM,45,11325
Apr,2021,FY20-21,04/01/2021 12:00:00 AM,61,21152
Apr,2021,FY20-21,04/01/2021 12:00:00 AM,104,10311
Apr,2021,FY20-21,04/01/2021 12:00:00 AM,96,17691
Apr,2021,FY20-21,04/01/2021 12:00:00 AM,77,475
Apr,2021,FY20-21,04/01/2021 12:00:00 AM,30,12543
Apr,2021,FY20-21,04/01/2021 12:00:00 AM,40,32437
May,2021,FY20-21,05/01/2021 12:00:00 AM,30,12852
May,2021,FY20-21,05/01/2021 12:00:00 AM,45,9642
May,2021,FY20-21,05/01/2021 12:00:00 AM,40,30416
May,2021,FY20-21,05/01/2021 12:00:00 AM,120,4361
May,2021,FY20-21,05/01/2021 12:00:00 AM,128,4579
May,2021,FY20-21,05/01/2021 12:00:00 AM,112,25136
May,2021,FY20-21,05/01/2021 12:00:00 AM,108,900
May,2021,FY20-21,05/01/2021 12:00:00 AM,104,9161
May,2021,FY20-21,05/01/2021 12:00:00 AM,96,17692
May,2021,FY20-21,05/01/2021 12:00:00 AM,61,20580
May,2021,FY20-21,05/01/2021 12:00:00 AM,77,906
May,2021,FY20-21,05/01/2021 12:00:00 AM,541,65
May,2021,FY20-21,05/01/2021 12:00:00 AM,533,74
May,2021,FY20-21,05/01/2021 12:00:00 AM,535,159
May,2021,FY20-21,05/01/2021 12:00:00 AM,136,9462
May,2021,FY20-21,05/01/2021 12:00:00 AM,156,375
May,2021,FY20-21,05/01/2021 12:00:00 AM,184,5739
May,2021,FY20-21,05/01/2021 12:00:00 AM,531,102
May,2021,FY20-21,05/01/2021 12:00:00 AM,Buzz,3937
Jun,2021,FY20-21,06/01/2021 12:00:00 AM,184,4453
Jun,2021,FY20-21,06/01/2021 12:00:00 AM,531,171
Jun,2021,FY20-21,06/01/2021 12:00:00 AM,533,195
Jun,2021,FY20-21,06/01/2021 12:00:00 AM,535,69
Jun,2021,FY20-21,06/01/2021 12:00:00 AM,541,72
Jun,2021,FY20-21,06/01/2021 12:00:00 AM,Buzz,4368
Jun,2021,FY20-21,06/01/2021 12:00:00 AM,120,4116
Jun,2021,FY20-21,06/01/2021 12:00:00 AM,112,22874
Jun,2021,FY20-21,06/01/2021 12:00:00 AM,108,763
Jun,2021,FY20-21,06/01/2021 12:00:00 AM,104,6948
Jun,2021,FY20-21,06/01/2021 12:00:00 AM,136,8089
Jun,2021,FY20-21,06/01/2021 12:00:00 AM,128,3977
Jun,2021,FY20-21,06/01/2021 12:00:00 AM,156,432
Jun,2021,FY20-21,06/01/2021 12:00:00 AM,30,10969
Jun,2021,FY20-21,06/01/2021 12:00:00 AM,40,27581
Jun,2021,FY20-21,06/01/2021 12:00:00 AM,45,11606
Jun,2021,FY20-21,06/01/2021 12:00:00 AM,61,18639
Jun,2021,FY20-21,06/01/2021 12:00:00 AM,96,17199
Jun,2021,FY20-21,06/01/2021 12:00:00 AM,77,828
Jul,2021,FY21-22,07/01/2021 12:00:00 AM,96,16800
Jul,2021,FY21-22,07/01/2021 12:00:00 AM,104,6919
Jul,2021,FY21-22,07/01/2021 12:00:00 AM,30,9717
Jul,2021,FY21-22,07/01/2021 12:00:00 AM,40,30700
Jul,2021,FY21-22,07/01/2021 12:00:00 AM,45,7486
Jul,2021,FY21-22,07/01/2021 12:00:00 AM,61,16389
Jul,2021,FY21-22,07/01/2021 12:00:00 AM,77,224
Jul,2021,FY21-22,07/01/2021 12:00:00 AM,108,676
Jul,2021,FY21-22,07/01/2021 12:00:00 AM,112,23272
Jul,2021,FY21-22,07/01/2021 12:00:00 AM,120,4028
Jul,2021,FY21-22,07/01/2021 12:00:00 AM,128,2895
Jul,2021,FY21-22,07/01/2021 12:00:00 AM,533,171
Jul,2021,FY21-22,07/01/2021 12:00:00 AM,535,164
Jul,2021,FY21-22,07/01/2021 12:00:00 AM,541,24
Jul,2021,FY21-22,07/01/2021 12:00:00 AM,Buzz,3835
Jul,2021,FY21-22,07/01/2021 12:00:00 AM,136,8006
Jul,2021,FY21-22,07/01/2021 12:00:00 AM,156,406
Jul,2021,FY21-22,07/01/2021 12:00:00 AM,184,5234
Jul,2021,FY21-22,07/01/2021 12:00:00 AM,531,68
Aug,2021,FY21-22,08/01/2021 12:00:00 AM,96,15875
Aug,2021,FY21-22,08/01/2021 12:00:00 AM,108,706
Aug,2021,FY21-22,08/01/2021 12:00:00 AM,104,7733
Aug,2021,FY21-22,08/01/2021 12:00:00 AM,112,21478
Aug,2021,FY21-22,08/01/2021 12:00:00 AM,120,3586
Aug,2021,FY21-22,08/01/2021 12:00:00 AM,128,3789
Aug,2021,FY21-22,08/01/2021 12:00:00 AM,136,8808
Aug,2021,FY21-22,08/01/2021 12:00:00 AM,156,480
Aug,2021,FY21-22,08/01/2021 12:00:00 AM,184,7344
Aug,2021,FY21-22,08/01/2021 12:00:00 AM,531,77
Aug,2021,FY21-22,08/01/2021 12:00:00 AM,533,367
Aug,2021,FY21-22,08/01/2021 12:00:00 AM,535,192
Aug,2021,FY21-22,08/01/2021 12:00:00 AM,541,56
Aug,2021,FY21-22,08/01/2021 12:00:00 AM,Buzz,6363
Aug,2021,FY21-22,08/01/2021 12:00:00 AM,61,18913
Aug,2021,FY21-22,08/01/2021 12:00:00 AM,77,320
Aug,2021,FY21-22,08/01/2021 12:00:00 AM,45,9188
Aug,2021,FY21-22,08/01/2021 12:00:00 AM,40,31689
Aug,2021,FY21-22,08/01/2021 12:00:00 AM,30,10417
Sep,2021,FY21-22,09/01/2021 12:00:00 AM,30,10707
Sep,2021,FY21-22,09/01/2021 12:00:00 AM,40,30654
Sep,2021,FY21-22,09/01/2021 12:00:00 AM,120,3973
Sep,2021,FY21-22,09/01/2021 12:00:00 AM,112,19945
Sep,2021,FY21-22,09/01/2021 12:00:00 AM,108,794
Sep,2021,FY21-22,09/01/2021 12:00:00 AM,104,7059
Sep,2021,FY21-22,09/01/2021 12:00:00 AM,96,16086
Sep,2021,FY21-22,09/01/2021 12:00:00 AM,77,763
Sep,2021,FY21-22,09/01/2021 12:00:00 AM,61,18589
Sep,2021,FY21-22,09/01/2021 12:00:00 AM,45,10011
Sep,2021,FY21-22,09/01/2021 12:00:00 AM,128,3744
Sep,2021,FY21-22,09/01/2021 12:00:00 AM,136,8289
Sep,2021,FY21-22,09/01/2021 12:00:00 AM,156,490
Sep,2021,FY21-22,09/01/2021 12:00:00 AM,184,7089
Sep,2021,FY21-22,09/01/2021 12:00:00 AM,531,133
Sep,2021,FY21-22,09/01/2021 12:00:00 AM,533,393
Sep,2021,FY21-22,09/01/2021 12:00:00 AM,535,237
Sep,2021,FY21-22,09/01/2021 12:00:00 AM,541,163
Sep,2021,FY21-22,09/01/2021 12:00:00 AM,Buzz,5263
Oct,2021,FY21-22,10/01/2021 12:00:00 AM,Buzz,4825
Oct,2021,FY21-22,10/01/2021 12:00:00 AM,541,236
Oct,2021,FY21-22,10/01/2021 12:00:00 AM,535,444
Oct,2021,FY21-22,10/01/2021 12:00:00 AM,533,567
Oct,2021,FY21-22,10/01/2021 12:00:00 AM,531,162
Oct,2021,FY21-22,10/01/2021 12:00:00 AM,184,6068
Oct,2021,FY21-22,10/01/2021 12:00:00 AM,515,122
Oct,2021,FY21-22,10/01/2021 12:00:00 AM,156,730
Oct,2021,FY21-22,10/01/2021 12:00:00 AM,136,9666
Oct,2021,FY21-22,10/01/2021 12:00:00 AM,128,5623
Oct,2021,FY21-22,10/01/2021 12:00:00 AM,45,12238
Oct,2021,FY21-22,10/01/2021 12:00:00 AM,77,817
Oct,2021,FY21-22,10/01/2021 12:00:00 AM,61,24105
Oct,2021,FY21-22,10/01/2021 12:00:00 AM,96,17783
Oct,2021,FY21-22,10/01/2021 12:00:00 AM,104,8720
Oct,2021,FY21-22,10/01/2021 12:00:00 AM,108,876
Oct,2021,FY21-22,10/01/2021 12:00:00 AM,120,4259
Oct,2021,FY21-22,10/01/2021 12:00:00 AM,112,25682
Oct,2021,FY21-22,10/01/2021 12:00:00 AM,30,12863
Oct,2021,FY21-22,10/01/2021 12:00:00 AM,40,27587
